USE magazzino;

-- proprieta
TRUNCATE TABLE proprieta;

-- proprieta tags sel 1
CALL input_proprieta('1','ATTREZZI');
CALL input_proprieta('1','BRETELLA');
CALL input_proprieta('1','APPARATI');
CALL input_proprieta('1','COMPONENTI');
CALL input_proprieta('1','Minuteria');
CALL input_proprieta('1','Pannelli');
CALL input_proprieta('1','SERVER');
CALL input_proprieta('1','VARI');
CALL input_proprieta('1','Viteria');
CALL input_proprieta('1','ADAPTER');
CALL input_proprieta('1','BLADE');
CALL input_proprieta('1','CHASSIS');
CALL input_proprieta('1','CHECKPOINT');
CALL input_proprieta('1','DISCHI');
CALL input_proprieta('1','DISTRIBUTIONPOWER');
CALL input_proprieta('1','DVDRW');
CALL input_proprieta('1','FIREWALL');
CALL input_proprieta('1','FO-LC-LC-50/125');
CALL input_proprieta('1','FO-LC-LC-9/125');
CALL input_proprieta('1','FO-LC-SC-50/125');
CALL input_proprieta('1','FO-LC-SC-9/125');
CALL input_proprieta('1','FO-SC-SC-50/125');
CALL input_proprieta('1','HP-DL360');
CALL input_proprieta('1','HPDL380PGEN8');
CALL input_proprieta('1','KVM');
CALL input_proprieta('1','LICENZASOFTWARE');
CALL input_proprieta('1','MONITOR');
CALL input_proprieta('1','Plastica');
CALL input_proprieta('1','SPINE');
CALL input_proprieta('1','STORAGE');
CALL input_proprieta('1','SWITCH');
CALL input_proprieta('1','UTP');
CALL input_proprieta('1','CAT5E');
CALL input_proprieta('1','CAT6');
CALL input_proprieta('1','Vitiedadigabbia');
CALL input_proprieta('1','10M');
CALL input_proprieta('1','10UR');
CALL input_proprieta('1','12,5M');
CALL input_proprieta('1','12M');
CALL input_proprieta('1','15M');
CALL input_proprieta('1','17inch');
CALL input_proprieta('1','1UR');
CALL input_proprieta('1','20M');
CALL input_proprieta('1','25M');
CALL input_proprieta('1','26M');
CALL input_proprieta('1','27M');
CALL input_proprieta('1','2M');
CALL input_proprieta('1','2UR');
CALL input_proprieta('1','30M');
CALL input_proprieta('1','35M');
CALL input_proprieta('1','3M');
CALL input_proprieta('1','3UR');
CALL input_proprieta('1','50M');
CALL input_proprieta('1','5M');
CALL input_proprieta('1','5UR');
CALL input_proprieta('1','65inch');
CALL input_proprieta('1','8TB');
CALL input_proprieta('1','Pacchi');
CALL input_proprieta('1','Scatola');
CALL input_proprieta('1','USB');
CALL input_proprieta('1','VGA');
CALL input_proprieta('1','3m-Kabel');
CALL input_proprieta('1','48-PORT');
CALL input_proprieta('1','ADATTATORE');
CALL input_proprieta('1','CAVI');
CALL input_proprieta('1','RAME');
CALL input_proprieta('1','FIBRA');
CALL input_proprieta('1','blu');
CALL input_proprieta('1','CENTRASTAR');
CALL input_proprieta('1','CISCO');
CALL input_proprieta('1','NEXSUS');
CALL input_proprieta('1','COLOUR');
CALL input_proprieta('1','CODING');
CALL input_proprieta('1','PATCH');
CALL input_proprieta('1','C6');
CALL input_proprieta('1','BLUE');
CALL input_proprieta('1','GIALLO');
CALL input_proprieta('1','EMC');
CALL input_proprieta('1','ATMOS');
CALL input_proprieta('1','POSTEL');
CALL input_proprieta('1','ENCLOSURE');
CALL input_proprieta('1','LCD');
CALL input_proprieta('1','FUJITSU');
CALL input_proprieta('1','RX600');
CALL input_proprieta('1','giallo');
CALL input_proprieta('1','HP');
CALL input_proprieta('1','FLASH');
CALL input_proprieta('1','IBM');
CALL input_proprieta('1','3850-X5');
CALL input_proprieta('1','DS8800');
CALL input_proprieta('1','50.4TB');
CALL input_proprieta('1','57.6TB');
CALL input_proprieta('1','SAN');
CALL input_proprieta('1','48');
CALL input_proprieta('1','LED');
CALL input_proprieta('1','MD65C');
CALL input_proprieta('1','ORACLE');
CALL input_proprieta('1','SL8500');
CALL input_proprieta('1','TAPE');
CALL input_proprieta('1','CLEARING');
CALL input_proprieta('1','PASSACAVI');
CALL input_proprieta('1','Plexiglass');
CALL input_proprieta('1','PLUGIN');
CALL input_proprieta('1','MODULE');
CALL input_proprieta('1','CPU');
CALL input_proprieta('1','AMD');
CALL input_proprieta('1','POSTEL');
CALL input_proprieta('1','POSTEMOBILE');
CALL input_proprieta('1','CERT');
CALL input_proprieta('1','ASA');
CALL input_proprieta('1','GATEWAY');
CALL input_proprieta('1','SCHEDE');
CALL input_proprieta('1','ptnumber');
CALL input_proprieta('1','RX600');
CALL input_proprieta('1','RACK');
CALL input_proprieta('1','TFT');
CALL input_proprieta('1','RC25');
CALL input_proprieta('1','43cm');
CALL input_proprieta('1','RMA');
CALL input_proprieta('1','S4-0812');
CALL input_proprieta('1','digital');
CALL input_proprieta('1','vm_1he');
CALL input_proprieta('1','SL8500');
CALL input_proprieta('1','TELEFONO');
CALL input_proprieta('1','VOIP');
CALL input_proprieta('1','VBLOCK');
CALL input_proprieta('1','VMAX');
CALL input_proprieta('1','STORAGE');

-- proprieta posizioni sel 2
CALL input_proprieta('2','A1L02');
CALL input_proprieta('2','A1L05');
CALL input_proprieta('2','A1L11');
CALL input_proprieta('2','A1L12');
CALL input_proprieta('2','A1L13');
CALL input_proprieta('2','A2L01');
CALL input_proprieta('2','A2L02');
CALL input_proprieta('2','A2L03');
CALL input_proprieta('2','A2L04');
CALL input_proprieta('2','A2L05');
CALL input_proprieta('2','A2L09');
CALL input_proprieta('2','A2L10');
CALL input_proprieta('2','A2L13');
CALL input_proprieta('2','A2L14');
CALL input_proprieta('2','B1L02');
CALL input_proprieta('2','B1L03');
CALL input_proprieta('2','B1L04');
CALL input_proprieta('2','B1L11');
CALL input_proprieta('2','B1L13');
CALL input_proprieta('2','B2L04');
CALL input_proprieta('2','B2L05');
CALL input_proprieta('2','P01');
CALL input_proprieta('2','P05');
CALL input_proprieta('2','P06');
CALL input_proprieta('2','P10');
CALL input_proprieta('2','P17');
CALL input_proprieta('2','Z1L08');

-- proprieta destinazioni sel 3
CALL input_proprieta('3','SALA1');
CALL input_proprieta('3','temp');
CALL input_proprieta('3','UFFICIO3');
CALL input_proprieta('3','SALA1-ISOLA5');
CALL input_proprieta('3','SALA1-ISOLA6');
CALL input_proprieta('3','SALA1-ISOLA_STORAGE');
CALL input_proprieta('3','SALA1-ISOLA2');
CALL input_proprieta('3','SALA2');
CALL input_proprieta('3','TLCA');
CALL input_proprieta('3','TLCB');
CALL input_proprieta('3','UFFICI');
CALL input_proprieta('3','INGRESSO');

-- proprieta tipi di documenti sel 4
CALL input_proprieta('4','BDC');
CALL input_proprieta('4','DDT');
CALL input_proprieta('4','eMail');
CALL input_proprieta('4','Lettera_di_vettura');
CALL input_proprieta('4','MDS');
CALL input_proprieta('4','ODA');
CALL input_proprieta('4','Verbale_di_consegna_ed_installazione');

-- proprieta registro sel 5
CALL input_proprieta('5','BRT SPA');
CALL input_proprieta('5','CAMI SOLUTION');
CALL input_proprieta('5','Carugati Luigi S.r.l.');
CALL input_proprieta('5','CEVA LOGISTIC ITALIA SRL');
CALL input_proprieta('5','Computer Gross Italia S.p.A.');
CALL input_proprieta('5','Converge S.p.A.');
CALL input_proprieta('5','D&T Delli TecnoTrans S.r.l.');
CALL input_proprieta('5','DGS S.p.A.');
CALL input_proprieta('5','DHL Express');
CALL input_proprieta('5','EMC Computer Systems Italia S.p.a.');
CALL input_proprieta('5','Ericsson Telecomunicazioni S.p.A');
CALL input_proprieta('5','EXECUTIVE');
CALL input_proprieta('5','Fimm S.R.L.');
CALL input_proprieta('5','Fujitsu Technology Solutions S.r.l.');
CALL input_proprieta('5','G.F.O. Europe S.r.l.');
CALL input_proprieta('5','Gebrueder Weiss GmbH Transport und Logistik');
CALL input_proprieta('5','Hewlett Packard International Sarl');
CALL input_proprieta('5','Hewlett Packard Italiana S.p.A.');
CALL input_proprieta('5','HMS IT S.p.A.');
CALL input_proprieta('5','ICT Logistica S.p.A.');
CALL input_proprieta('5','IRCE SPA');
CALL input_proprieta('5','Italia Logistica S.R.L.');
CALL input_proprieta('5','Italtel S.p.A.');
CALL input_proprieta('5','Laziale Distribuzione');
CALL input_proprieta('5','LUPPRIANS');
CALL input_proprieta('5','Mauden S.p.a.');
CALL input_proprieta('5','MITSafetrans S.r.l.');
CALL input_proprieta('5','NBI S.R.L.');
CALL input_proprieta('5','Nouwens Transport Breda');
CALL input_proprieta('5','Oracle Corporation');
CALL input_proprieta('5','Polo Immobiliare');
CALL input_proprieta('5','Polycom');
CALL input_proprieta('5','Poste Italiane S.p.a.');
CALL input_proprieta('5','Poste Italiane S.p.a. Immobiliare');
CALL input_proprieta('5','Poste Italiane S.p.a. ROMA');
CALL input_proprieta('5','PosteMobile S.p.a.');
CALL input_proprieta('5','R&M');
CALL input_proprieta('5','Rhenus Logistics');
CALL input_proprieta('5','RTI INFORDATA S.p.a.');
CALL input_proprieta('5','Safe Watcher S.r.l.');
CALL input_proprieta('5','SDA Express Courier');
CALL input_proprieta('5','Sioli & Fontana S.r.l.');
CALL input_proprieta('5','Tecnotrans S.r.l.');
CALL input_proprieta('5','Telecom Italia');
CALL input_proprieta('5','TRADIS di Giuseppe Pullella');

-- REGISTRO
TRUNCATE TABLE REGISTRO;
INSERT INTO REGISTRO(id_registro, contatto, tipo, numero, gruppo, data, file) VALUES('196', 'CAMI SOLUTION', 'DDT','56', NULL, '2014-02-13', 'DDT_CAMISOLUTION_56.pdf');
INSERT INTO REGISTRO(id_registro, contatto, tipo, numero, gruppo, data, file) VALUES('57','Computer Gross Italia S.p.A.','DDT','7089/ZD', '201', '2013-08-14', 'DDT_COMPUTERGROSS_7089zd.pdf');
INSERT INTO REGISTRO(id_registro, contatto, tipo, numero, gruppo, data, file) VALUES('29','Computer Gross Italia S.p.A.','DDT','95.349',NULL, NULL, NULL);
INSERT INTO REGISTRO(id_registro, contatto, tipo, numero, gruppo, data, file) VALUES('27','Converge S.p.A.', 'DDT','ESP013033', NULL, NULL, NULL);
INSERT INTO REGISTRO(id_registro, contatto, tipo, numero, gruppo, data, file) VALUES('34','DGS S.p.A.','DDT','81/13 A', NULL, NULL, NULL);
INSERT INTO REGISTRO(id_registro, contatto, tipo, numero, gruppo, data, file) VALUES('23','EMC Computer Systems Italia S.p.a.','DDT','808', NULL, NULL, NULL);
INSERT INTO REGISTRO(id_registro, contatto, tipo, numero, gruppo, data, file) VALUES('24','EMC Computer Systems Italia S.p.a.','DDT','809', NULL, NULL, NULL);
INSERT INTO REGISTRO(id_registro, contatto, tipo, numero, gruppo, data, file) VALUES('30','EMC Computer Systems Italia S.p.a.','DDT','985', NULL, NULL, NULL);
INSERT INTO REGISTRO(id_registro, contatto, tipo, numero, gruppo, data, file) VALUES('128','Ericsson Telecomunicazioni S.p.A','DDT','50165722',NULL, NULL, NULL);
INSERT INTO REGISTRO(id_registro, contatto, tipo, numero, gruppo, data, file) VALUES('127','Ericsson Telecomunicazioni S.p.A','DDT','50165763',NULL, NULL, NULL);
INSERT INTO REGISTRO(id_registro, contatto, tipo, numero, gruppo, data, file) VALUES('199','Ericsson Telecomunicazioni S.p.A','MDS','101', NULL, NULL, NULL);
INSERT INTO REGISTRO(id_registro, contatto, tipo, numero, gruppo, data, file) VALUES('43','Fimm S.R.L.','DDT','8','190','2013-01-29','DDT_FIMM_8.pdf');
INSERT INTO REGISTRO(id_registro, contatto, tipo, numero, gruppo, data, file) VALUES('41','Fujitsu Technology Solutions S.r.l.', 'DDT','189003648', NULL, NULL, NULL);
INSERT INTO REGISTRO(id_registro, contatto, tipo, numero, gruppo, data, file) VALUES('62','Fujitsu Technology Solutions S.r.l.', 'DDT','189205293', NULL, '2013-06-27', 'DDT_FUJITSU_189205293.pdf');
INSERT INTO REGISTRO(id_registro, contatto, tipo, numero, gruppo, data, file) VALUES('11','Fujitsu Technology Solutions S.r.l.', 'DDT','189340594', NULL, NULL, NULL);
INSERT INTO REGISTRO(id_registro, contatto, tipo, numero, gruppo, data, file) VALUES('3','Fujitsu Technology Solutions S.r.l.', 'DDT','189340596', NULL, NULL, NULL);
INSERT INTO REGISTRO(id_registro, contatto, tipo, numero, gruppo, data, file) VALUES('5','Fujitsu Technology Solutions S.r.l.', 'DDT','189340597', NULL, NULL, NULL);
INSERT INTO REGISTRO(id_registro, contatto, tipo, numero, gruppo, data, file) VALUES('9','Fujitsu Technology Solutions S.r.l.', 'DDT','189349594', NULL, NULL, NULL);
INSERT INTO REGISTRO(id_registro, contatto, tipo, numero, gruppo, data, file) VALUES('8','Fujitsu Technology Solutions S.r.l.', 'DDT','189367488', NULL, NULL, NULL);
INSERT INTO REGISTRO(id_registro, contatto, tipo, numero, gruppo, data, file) VALUES('6','Fujitsu Technology Solutions S.r.l.', 'DDT','189367489', NULL, NULL, NULL);
INSERT INTO REGISTRO(id_registro, contatto, tipo, numero, gruppo, data, file) VALUES('49','G.F.O. Europe S.r.l.','DDT','11','192', '2013-01-07', 'DDT_GFOEUROPE_11.pdf');
INSERT INTO REGISTRO(id_registro, contatto, tipo, numero, gruppo, data, file) VALUES('194','Hewlett Packard International Sarl','DDT','GW0F 205389/050/01 C',NULL, '2014-02-10', 'DDT_HP_gw0f-205389-050-01-C.pdf');
INSERT INTO REGISTRO(id_registro, contatto, tipo, numero, gruppo, data, file) VALUES('190','Hewlett Packard International Sarl','DDT','GW0F 205478/041/01 C',NULL, '2014-02-11', 'DDT_HP_gw0f-205478-041-01-C.pdf');
INSERT INTO REGISTRO(id_registro, contatto, tipo, numero, gruppo, data, file) VALUES('192','Hewlett Packard International Sarl','DDT','GW0F 205478/047/01 C',NULL, '2014-02-11', 'DDT_HP_gw0f-205478-047-01-C.pdf');
INSERT INTO REGISTRO(id_registro, contatto, tipo, numero, gruppo, data, file) VALUES('17','Hewlett Packard International Sarl','DDT','GW0F 192498/099/01 C','218', '2013-07-18', 'DDT_HP_gw0f-192498-099-01-c.pdf');
INSERT INTO REGISTRO(id_registro, contatto, tipo, numero, gruppo, data, file) VALUES('19','Hewlett Packard International Sarl','DDT','GW0F 192650/050/01 C',NULL, NULL, NULL);
INSERT INTO REGISTRO(id_registro, contatto, tipo, numero, gruppo, data, file) VALUES('20','Hewlett Packard International Sarl','DDT','GW0F 192779/057/01 C',NULL, NULL, NULL);
INSERT INTO REGISTRO(id_registro, contatto, tipo, numero, gruppo, data, file) VALUES('18','Hewlett Packard International Sarl','DDT','GW0F 193223/001/01 C','219','2013-07-29','HP_DDT_GW0F-193223-001-01-C.pdf');
INSERT INTO REGISTRO(id_registro, contatto, tipo, numero, gruppo, data, file) VALUES('21','Hewlett Packard International Sarl','DDT','GW0F 194285/014/01 C',NULL, NULL, NULL);
INSERT INTO REGISTRO(id_registro, contatto, tipo, numero, gruppo, data, file) VALUES('15','Hewlett Packard International Sarl','DDT','GW0F 202277/032/01 C',NULL, '2013-12-12', 'DDT_HP_GW0F-202227-032-01-C.pdf');
INSERT INTO REGISTRO(id_registro, contatto, tipo, numero, gruppo, data, file) VALUES('1', 'HMS IT S.p.A.', 'DDT','R/55',NULL, NULL, NULL);
INSERT INTO REGISTRO(id_registro, contatto, tipo, numero, gruppo, data, file) VALUES('195','IRCE SPA','Lettera_di_vettura', '171000026829', NULL, '2014-02-03', 'LDV_IRCE_171000026829.pdf');
INSERT INTO REGISTRO(id_registro, contatto, tipo, numero, gruppo, data, file) VALUES('38','Italtel S.p.A.','DDT','NVLS 60071134', '214', '2013-06-26', 'DDT_ITALTEL_nvls60071134.pdf');
INSERT INTO REGISTRO(id_registro, contatto, tipo, numero, gruppo, data, file) VALUES('40','Italtel S.p.A.','DDT','NVLS 60071135', '214', '2013-06-26', 'DDT_ITALTEL_nvls60071135.pdf');
INSERT INTO REGISTRO(id_registro, contatto, tipo, numero, gruppo, data, file) VALUES('31','Italtel S.p.A.','DDT','NVLS 60072390', NULL, NULL, NULL);
INSERT INTO REGISTRO(id_registro, contatto, tipo, numero, gruppo, data, file) VALUES('33','Italtel S.p.A.','DDT','NVLS 60073100', NULL, NULL, NULL);
INSERT INTO REGISTRO(id_registro, contatto, tipo, numero, gruppo, data, file) VALUES('32','Italtel S.p.A.','DDT','NVLS 60073110', NULL, NULL, NULL);
INSERT INTO REGISTRO(id_registro, contatto, tipo, numero, gruppo, data, file) VALUES('204', 'Italtel S.p.A.','DDT','NVLS 60074311', NULL, NULL, NULL);
INSERT INTO REGISTRO(id_registro, contatto, tipo, numero, gruppo, data, file) VALUES('139', 'LUPPRIANS', 'Lettera_di_vettura', 'P1028767VB001851 CSC',NULL, NULL, NULL);
INSERT INTO REGISTRO(id_registro, contatto, tipo, numero, gruppo, data, file) VALUES('183', 'Mauden S.p.a.', 'DDT','11',NULL, NULL, NULL);
INSERT INTO REGISTRO(id_registro, contatto, tipo, numero, gruppo, data, file) VALUES('66','Mauden S.p.a.', 'DDT','339', '215', '2013-07-08', 'DDT_MAUDEN_339.pdf');
INSERT INTO REGISTRO(id_registro, contatto, tipo, numero, gruppo, data, file) VALUES('64','Mauden S.p.a.', 'DDT','340', '216', '2013-07-08', 'DDT_MAUDEN_340.pdf');
INSERT INTO REGISTRO(id_registro, contatto, tipo, numero, gruppo, data, file) VALUES('46','Mauden S.p.a.', 'DDT','8', '189', '2013-01-03', 'DDT_MAUDEN_8.pdf');
INSERT INTO REGISTRO(id_registro, contatto, tipo, numero, gruppo, data, file) VALUES('44','Safe Watcher S.r.l.','Lettera_di_vettura','13 - 000103','191','2013-01-04','LDV_safewatcher_13-000103.pdf');
INSERT INTO REGISTRO(id_registro, contatto, tipo, numero, gruppo, data, file) VALUES('47','Mauden S.p.a.', 'Verbale_di_consegna_ed_installazione', 'Mauden del 25-01-2013', '192', '2013-01-25', 'VCI_MAUDEN-del-25012013.pdf');
INSERT INTO REGISTRO(id_registro, contatto, tipo, numero, gruppo, data, file) VALUES('26','Oracle Corporation','DDT','31840741',NULL, NULL, NULL);
INSERT INTO REGISTRO(id_registro, contatto, tipo, numero, gruppo, data, file) VALUES('22','Oracle Corporation','DDT','6754892', NULL, NULL, NULL);
INSERT INTO REGISTRO(id_registro, contatto, tipo, numero, gruppo, data, file) VALUES('202','Polo Immobiliare','eMail','22/05/2014',NULL, NULL, NULL);
INSERT INTO REGISTRO(id_registro, contatto, tipo, numero, gruppo, data, file) VALUES('203','Polo Immobiliare','eMail','del 22/05/2014',NULL, NULL, NULL);
INSERT INTO REGISTRO(id_registro, contatto, tipo, numero, gruppo, data, file) VALUES('201','Polo Immobiliare','eMail','del 22/06/2014',NULL, NULL, NULL);
INSERT INTO REGISTRO(id_registro, contatto, tipo, numero, gruppo, data, file) VALUES('14','Polycom', 'DDT','14461', NULL, NULL, NULL);
INSERT INTO REGISTRO(id_registro, contatto, tipo, numero, gruppo, data, file) VALUES('189','Poste Italiane S.p.a.', 'MDS','100', NULL, NULL, NULL);
INSERT INTO REGISTRO(id_registro, contatto, tipo, numero, gruppo, data, file) VALUES('89','Poste Italiane S.p.a.', 'MDS','11',NULL, NULL, NULL);
INSERT INTO REGISTRO(id_registro, contatto, tipo, numero, gruppo, data, file) VALUES('92','Poste Italiane S.p.a.', 'MDS','14',NULL, NULL, NULL);
INSERT INTO REGISTRO(id_registro, contatto, tipo, numero, gruppo, data, file) VALUES('94','Poste Italiane S.p.a.', 'MDS','16',NULL, NULL, NULL);
INSERT INTO REGISTRO(id_registro, contatto, tipo, numero, gruppo, data, file) VALUES('95','Poste Italiane S.p.a.', 'MDS','17',NULL, NULL, NULL);
INSERT INTO REGISTRO(id_registro, contatto, tipo, numero, gruppo, data, file) VALUES('96','Poste Italiane S.p.a.', 'MDS','18',NULL, NULL, NULL);
INSERT INTO REGISTRO(id_registro, contatto, tipo, numero, gruppo, data, file) VALUES('97','Poste Italiane S.p.a.', 'MDS','19',NULL, NULL, NULL);
INSERT INTO REGISTRO(id_registro, contatto, tipo, numero, gruppo, data, file) VALUES('98','Poste Italiane S.p.a.', 'MDS','20',NULL, NULL, NULL);
INSERT INTO REGISTRO(id_registro, contatto, tipo, numero, gruppo, data, file) VALUES('99','Poste Italiane S.p.a.', 'MDS','21',NULL, NULL, NULL);
INSERT INTO REGISTRO(id_registro, contatto, tipo, numero, gruppo, data, file) VALUES('101', 'Poste Italiane S.p.a.', 'MDS','23',NULL, NULL, NULL);
INSERT INTO REGISTRO(id_registro, contatto, tipo, numero, gruppo, data, file) VALUES('102', 'Poste Italiane S.p.a.', 'MDS','24',NULL, NULL, NULL);
INSERT INTO REGISTRO(id_registro, contatto, tipo, numero, gruppo, data, file) VALUES('104', 'Poste Italiane S.p.a.', 'MDS','26',NULL, NULL, NULL);
INSERT INTO REGISTRO(id_registro, contatto, tipo, numero, gruppo, data, file) VALUES('105', 'Poste Italiane S.p.a.', 'MDS','27',NULL, NULL, NULL);
INSERT INTO REGISTRO(id_registro, contatto, tipo, numero, gruppo, data, file) VALUES('107', 'Poste Italiane S.p.a.', 'MDS','29',NULL, NULL, NULL);
INSERT INTO REGISTRO(id_registro, contatto, tipo, numero, gruppo, data, file) VALUES('112', 'Poste Italiane S.p.a.', 'MDS','30',NULL, NULL, NULL);
INSERT INTO REGISTRO(id_registro, contatto, tipo, numero, gruppo, data, file) VALUES('115', 'Poste Italiane S.p.a.', 'MDS','33',NULL, NULL, NULL);
INSERT INTO REGISTRO(id_registro, contatto, tipo, numero, gruppo, data, file) VALUES('117', 'Poste Italiane S.p.a.', 'MDS','34',NULL, NULL, NULL);
INSERT INTO REGISTRO(id_registro, contatto, tipo, numero, gruppo, data, file) VALUES('118', 'Poste Italiane S.p.a.', 'MDS','35',NULL, NULL, NULL);
INSERT INTO REGISTRO(id_registro, contatto, tipo, numero, gruppo, data, file) VALUES('119', 'Poste Italiane S.p.a.', 'MDS','36',NULL, NULL, NULL);
INSERT INTO REGISTRO(id_registro, contatto, tipo, numero, gruppo, data, file) VALUES('120', 'Poste Italiane S.p.a.', 'MDS','37',NULL, NULL, NULL);
INSERT INTO REGISTRO(id_registro, contatto, tipo, numero, gruppo, data, file) VALUES('121', 'Poste Italiane S.p.a.', 'MDS','38',NULL, NULL, NULL);
INSERT INTO REGISTRO(id_registro, contatto, tipo, numero, gruppo, data, file) VALUES('122', 'Poste Italiane S.p.a.', 'MDS','39',NULL, NULL, NULL);
INSERT INTO REGISTRO(id_registro, contatto, tipo, numero, gruppo, data, file) VALUES('123', 'Poste Italiane S.p.a.', 'MDS','40',NULL, NULL, NULL);
INSERT INTO REGISTRO(id_registro, contatto, tipo, numero, gruppo, data, file) VALUES('124', 'Poste Italiane S.p.a.', 'MDS','41',NULL, NULL, NULL);
INSERT INTO REGISTRO(id_registro, contatto, tipo, numero, gruppo, data, file) VALUES('125', 'Poste Italiane S.p.a.', 'MDS','42',NULL, NULL, NULL);
INSERT INTO REGISTRO(id_registro, contatto, tipo, numero, gruppo, data, file) VALUES('126', 'Poste Italiane S.p.a.', 'MDS','43',NULL, NULL, NULL);
INSERT INTO REGISTRO(id_registro, contatto, tipo, numero, gruppo, data, file) VALUES('129', 'Poste Italiane S.p.a.', 'MDS','44',NULL, NULL, NULL);
INSERT INTO REGISTRO(id_registro, contatto, tipo, numero, gruppo, data, file) VALUES('130', 'Poste Italiane S.p.a.', 'MDS','45',NULL, NULL, NULL);
INSERT INTO REGISTRO(id_registro, contatto, tipo, numero, gruppo, data, file) VALUES('131', 'Poste Italiane S.p.a.', 'MDS','46',NULL, NULL, NULL);
INSERT INTO REGISTRO(id_registro, contatto, tipo, numero, gruppo, data, file) VALUES('132', 'Poste Italiane S.p.a.', 'MDS','47',NULL, NULL, NULL);
INSERT INTO REGISTRO(id_registro, contatto, tipo, numero, gruppo, data, file) VALUES('133', 'Poste Italiane S.p.a.', 'MDS','48',NULL, NULL, NULL);
INSERT INTO REGISTRO(id_registro, contatto, tipo, numero, gruppo, data, file) VALUES('134', 'Poste Italiane S.p.a.', 'MDS','49',NULL, NULL, NULL);
INSERT INTO REGISTRO(id_registro, contatto, tipo, numero, gruppo, data, file) VALUES('135', 'Poste Italiane S.p.a.', 'MDS','50',NULL, NULL, NULL);
INSERT INTO REGISTRO(id_registro, contatto, tipo, numero, gruppo, data, file) VALUES('136', 'Poste Italiane S.p.a.', 'MDS','51',NULL, NULL, NULL);
INSERT INTO REGISTRO(id_registro, contatto, tipo, numero, gruppo, data, file) VALUES('137', 'Poste Italiane S.p.a.', 'MDS','52',NULL, NULL, NULL);
INSERT INTO REGISTRO(id_registro, contatto, tipo, numero, gruppo, data, file) VALUES('138', 'Poste Italiane S.p.a.', 'MDS','53',NULL, NULL, NULL);
INSERT INTO REGISTRO(id_registro, contatto, tipo, numero, gruppo, data, file) VALUES('140', 'Poste Italiane S.p.a.', 'MDS','54',NULL, NULL, NULL);
INSERT INTO REGISTRO(id_registro, contatto, tipo, numero, gruppo, data, file) VALUES('141', 'Poste Italiane S.p.a.', 'MDS','55',NULL, NULL, NULL);
INSERT INTO REGISTRO(id_registro, contatto, tipo, numero, gruppo, data, file) VALUES('142', 'Poste Italiane S.p.a.', 'MDS','56',NULL, NULL, NULL);
INSERT INTO REGISTRO(id_registro, contatto, tipo, numero, gruppo, data, file) VALUES('143', 'Poste Italiane S.p.a.', 'MDS','57',NULL, NULL, NULL);
INSERT INTO REGISTRO(id_registro, contatto, tipo, numero, gruppo, data, file) VALUES('144', 'Poste Italiane S.p.a.', 'MDS','58',NULL, NULL, NULL);
INSERT INTO REGISTRO(id_registro, contatto, tipo, numero, gruppo, data, file) VALUES('145', 'Poste Italiane S.p.a.', 'MDS','59',NULL, NULL, NULL);
INSERT INTO REGISTRO(id_registro, contatto, tipo, numero, gruppo, data, file) VALUES('146', 'Poste Italiane S.p.a.', 'MDS','60',NULL, NULL, NULL);
INSERT INTO REGISTRO(id_registro, contatto, tipo, numero, gruppo, data, file) VALUES('147', 'Poste Italiane S.p.a.', 'MDS','61',NULL, NULL, NULL);
INSERT INTO REGISTRO(id_registro, contatto, tipo, numero, gruppo, data, file) VALUES('148', 'Poste Italiane S.p.a.', 'MDS','62',NULL, NULL, NULL);
INSERT INTO REGISTRO(id_registro, contatto, tipo, numero, gruppo, data, file) VALUES('149', 'Poste Italiane S.p.a.', 'MDS','63',NULL, NULL, NULL);
INSERT INTO REGISTRO(id_registro, contatto, tipo, numero, gruppo, data, file) VALUES('150', 'Poste Italiane S.p.a.', 'MDS','64',NULL, NULL, NULL);
INSERT INTO REGISTRO(id_registro, contatto, tipo, numero, gruppo, data, file) VALUES('151', 'Poste Italiane S.p.a.', 'MDS','65',NULL, NULL, NULL);
INSERT INTO REGISTRO(id_registro, contatto, tipo, numero, gruppo, data, file) VALUES('152', 'Poste Italiane S.p.a.', 'MDS','66',NULL, NULL, NULL);
INSERT INTO REGISTRO(id_registro, contatto, tipo, numero, gruppo, data, file) VALUES('153', 'Poste Italiane S.p.a.', 'MDS','67',NULL, NULL, NULL);
INSERT INTO REGISTRO(id_registro, contatto, tipo, numero, gruppo, data, file) VALUES('154', 'Poste Italiane S.p.a.', 'MDS','68',NULL, NULL, NULL);
INSERT INTO REGISTRO(id_registro, contatto, tipo, numero, gruppo, data, file) VALUES('155', 'Poste Italiane S.p.a.', 'MDS','69',NULL, NULL, NULL);
INSERT INTO REGISTRO(id_registro, contatto, tipo, numero, gruppo, data, file) VALUES('156', 'Poste Italiane S.p.a.', 'MDS','70',NULL, NULL, NULL);
INSERT INTO REGISTRO(id_registro, contatto, tipo, numero, gruppo, data, file) VALUES('157', 'Poste Italiane S.p.a.', 'MDS','71',NULL, NULL, NULL);
INSERT INTO REGISTRO(id_registro, contatto, tipo, numero, gruppo, data, file) VALUES('158', 'Poste Italiane S.p.a.', 'MDS','72',NULL, NULL, NULL);
INSERT INTO REGISTRO(id_registro, contatto, tipo, numero, gruppo, data, file) VALUES('159', 'Poste Italiane S.p.a.', 'MDS','73',NULL, NULL, NULL);
INSERT INTO REGISTRO(id_registro, contatto, tipo, numero, gruppo, data, file) VALUES('160', 'Poste Italiane S.p.a.', 'MDS','74',NULL, NULL, NULL);
INSERT INTO REGISTRO(id_registro, contatto, tipo, numero, gruppo, data, file) VALUES('161', 'Poste Italiane S.p.a.', 'MDS','75',NULL, NULL, NULL);
INSERT INTO REGISTRO(id_registro, contatto, tipo, numero, gruppo, data, file) VALUES('162', 'Poste Italiane S.p.a.', 'MDS','76',NULL, NULL, NULL);
INSERT INTO REGISTRO(id_registro, contatto, tipo, numero, gruppo, data, file) VALUES('163', 'Poste Italiane S.p.a.', 'MDS','77',NULL, NULL, NULL);
INSERT INTO REGISTRO(id_registro, contatto, tipo, numero, gruppo, data, file) VALUES('164', 'Poste Italiane S.p.a.', 'MDS','78',NULL, NULL, NULL);
INSERT INTO REGISTRO(id_registro, contatto, tipo, numero, gruppo, data, file) VALUES('165', 'Poste Italiane S.p.a.', 'MDS','79',NULL, NULL, NULL);
INSERT INTO REGISTRO(id_registro, contatto, tipo, numero, gruppo, data, file) VALUES('166', 'Poste Italiane S.p.a.', 'MDS','80',NULL, NULL, NULL);
INSERT INTO REGISTRO(id_registro, contatto, tipo, numero, gruppo, data, file) VALUES('167', 'Poste Italiane S.p.a.', 'MDS','81',NULL, NULL, NULL);
INSERT INTO REGISTRO(id_registro, contatto, tipo, numero, gruppo, data, file) VALUES('168', 'Poste Italiane S.p.a.', 'MDS','82',NULL, NULL, NULL);
INSERT INTO REGISTRO(id_registro, contatto, tipo, numero, gruppo, data, file) VALUES('169', 'Poste Italiane S.p.a.', 'MDS','83',NULL, NULL, NULL);
INSERT INTO REGISTRO(id_registro, contatto, tipo, numero, gruppo, data, file) VALUES('170', 'Poste Italiane S.p.a.', 'MDS','84',NULL, NULL, NULL);
INSERT INTO REGISTRO(id_registro, contatto, tipo, numero, gruppo, data, file) VALUES('171', 'Poste Italiane S.p.a.', 'MDS','85',NULL, NULL, NULL);
INSERT INTO REGISTRO(id_registro, contatto, tipo, numero, gruppo, data, file) VALUES('172', 'Poste Italiane S.p.a.', 'MDS','86',NULL, NULL, NULL);
INSERT INTO REGISTRO(id_registro, contatto, tipo, numero, gruppo, data, file) VALUES('173', 'Poste Italiane S.p.a.', 'MDS','87',NULL, NULL, NULL);
INSERT INTO REGISTRO(id_registro, contatto, tipo, numero, gruppo, data, file) VALUES('174', 'Poste Italiane S.p.a.', 'MDS','88',NULL, NULL, NULL);
INSERT INTO REGISTRO(id_registro, contatto, tipo, numero, gruppo, data, file) VALUES('176', 'Poste Italiane S.p.a.', 'MDS','89',NULL, NULL, NULL);
INSERT INTO REGISTRO(id_registro, contatto, tipo, numero, gruppo, data, file) VALUES('179', 'Poste Italiane S.p.a.', 'MDS','91',NULL, NULL, NULL);
INSERT INTO REGISTRO(id_registro, contatto, tipo, numero, gruppo, data, file) VALUES('180', 'Poste Italiane S.p.a.', 'MDS','92',NULL, NULL, NULL);
INSERT INTO REGISTRO(id_registro, contatto, tipo, numero, gruppo, data, file) VALUES('181', 'Poste Italiane S.p.a.', 'MDS','93',NULL, NULL, NULL);
INSERT INTO REGISTRO(id_registro, contatto, tipo, numero, gruppo, data, file) VALUES('187', 'Poste Italiane S.p.a.', 'MDS','98',NULL, NULL, NULL);
INSERT INTO REGISTRO(id_registro, contatto, tipo, numero, gruppo, data, file) VALUES('188', 'Poste Italiane S.p.a.', 'MDS','99',NULL, NULL, NULL);
INSERT INTO REGISTRO(id_registro, contatto, tipo, numero, gruppo, data, file) VALUES('79','Poste Italiane S.p.a. Immobiliare', 'MDS','1', NULL, NULL, NULL);
INSERT INTO REGISTRO(id_registro, contatto, tipo, numero, gruppo, data, file) VALUES('90','Poste Italiane S.p.a. Immobiliare', 'MDS','12',NULL, NULL, NULL);
INSERT INTO REGISTRO(id_registro, contatto, tipo, numero, gruppo, data, file) VALUES('80','Poste Italiane S.p.a. Immobiliare', 'MDS','2', NULL, NULL, NULL);
INSERT INTO REGISTRO(id_registro, contatto, tipo, numero, gruppo, data, file) VALUES('81','Poste Italiane S.p.a. Immobiliare', 'MDS','3', NULL, NULL, NULL);
INSERT INTO REGISTRO(id_registro, contatto, tipo, numero, gruppo, data, file) VALUES('113', 'Poste Italiane S.p.a. Immobiliare', 'MDS','31',NULL, NULL, NULL);
INSERT INTO REGISTRO(id_registro, contatto, tipo, numero, gruppo, data, file) VALUES('114', 'Poste Italiane S.p.a. Immobiliare', 'MDS','32',NULL, NULL, NULL);
INSERT INTO REGISTRO(id_registro, contatto, tipo, numero, gruppo, data, file) VALUES('82','Poste Italiane S.p.a. Immobiliare', 'MDS','4', NULL, NULL, NULL);
INSERT INTO REGISTRO(id_registro, contatto, tipo, numero, gruppo, data, file) VALUES('83','Poste Italiane S.p.a. Immobiliare', 'MDS','5', NULL, NULL, NULL);
INSERT INTO REGISTRO(id_registro, contatto, tipo, numero, gruppo, data, file) VALUES('84','Poste Italiane S.p.a. Immobiliare', 'MDS','6', NULL, NULL, NULL);
INSERT INTO REGISTRO(id_registro, contatto, tipo, numero, gruppo, data, file) VALUES('86','Poste Italiane S.p.a. Immobiliare', 'MDS','8', NULL, NULL, NULL);
INSERT INTO REGISTRO(id_registro, contatto, tipo, numero, gruppo, data, file) VALUES('87','Poste Italiane S.p.a. Immobiliare', 'MDS','9', NULL, NULL, NULL);
INSERT INTO REGISTRO(id_registro, contatto, tipo, numero, gruppo, data, file) VALUES('182', 'Poste Italiane S.p.a. Immobiliare', 'MDS','94',NULL, NULL, NULL);
INSERT INTO REGISTRO(id_registro, contatto, tipo, numero, gruppo, data, file) VALUES('184', 'Poste Italiane S.p.a. Immobiliare', 'MDS','95',NULL, NULL, NULL);
INSERT INTO REGISTRO(id_registro, contatto, tipo, numero, gruppo, data, file) VALUES('185', 'Poste Italiane S.p.a. Immobiliare', 'MDS','96',NULL, NULL, NULL);
INSERT INTO REGISTRO(id_registro, contatto, tipo, numero, gruppo, data, file) VALUES('186', 'Poste Italiane S.p.a. Immobiliare', 'MDS','97',NULL, NULL, NULL);
INSERT INTO REGISTRO(id_registro, contatto, tipo, numero, gruppo, data, file) VALUES('191', 'Poste Italiane S.p.a.','BDC','4509120039',NULL, NULL, NULL);
INSERT INTO REGISTRO(id_registro, contatto, tipo, numero, gruppo, data, file) VALUES('193', 'Poste Italiane S.p.a.','BDC','4509131494',NULL, NULL, NULL);
INSERT INTO REGISTRO(id_registro, contatto, tipo, numero, gruppo, data, file) VALUES('36','Poste Italiane S.p.a. ROMA','DDT','3', '211', '2013-04-13', 'DDT_POSTEROMA_3.pdf');
INSERT INTO REGISTRO(id_registro, contatto, tipo, numero, gruppo, data, file) VALUES('178', 'Poste Italiane S.p.a. ROMA','eMail','FORNITURA NERVI 7 OTTOBRE', NULL, '2013-10-07', 'mail_fornitura-nervi-7-ottobre-2013.pdf');
INSERT INTO REGISTRO(id_registro, contatto, tipo, numero, gruppo, data, file) VALUES('175', 'Poste Italiane S.p.a. ROMA','eMail','mail di chirico del 10/03/2014',NULL, NULL, NULL);
INSERT INTO REGISTRO(id_registro, contatto, tipo, numero, gruppo, data, file) VALUES('61','Poste Italiane S.p.a. ROMA','eMail','mail_ptnumber_23aprile2013','212', '2013-04-23', 'mail_ptnumber_23aprile2013.pdf');
INSERT INTO REGISTRO(id_registro, contatto, tipo, numero, gruppo, data, file) VALUES('200', 'Poste Italiane S.p.a. ROMA','eMail','mail_cappadona_amedeo_5_7_2013',NULL, NULL, NULL);
INSERT INTO REGISTRO(id_registro, contatto, tipo, numero, gruppo, data, file) VALUES('77','Poste Italiane S.p.a. ROMA','eMail','mainas salvatore del 22 gennaio', NULL, NULL, NULL);
INSERT INTO REGISTRO(id_registro, contatto, tipo, numero, gruppo, data, file) VALUES('60','Poste Italiane S.p.a.','ODA','0422001369/1',NULL, NULL, NULL);
INSERT INTO REGISTRO(id_registro, contatto, tipo, numero, gruppo, data, file) VALUES('111', 'Poste Italiane S.p.a.','ODA','4100016351',NULL, NULL, NULL);
INSERT INTO REGISTRO(id_registro, contatto, tipo, numero, gruppo, data, file) VALUES('42','Poste Italiane S.p.a.','ODA','4100108870',NULL, NULL, NULL);
INSERT INTO REGISTRO(id_registro, contatto, tipo, numero, gruppo, data, file) VALUES('45','Poste Italiane S.p.a.','ODA','4100110391',NULL, NULL, NULL);
INSERT INTO REGISTRO(id_registro, contatto, tipo, numero, gruppo, data, file) VALUES('48','Poste Italiane S.p.a.','ODA','410011391', NULL, NULL, NULL);
INSERT INTO REGISTRO(id_registro, contatto, tipo, numero, gruppo, data, file) VALUES('4', 'Poste Italiane S.p.a.','ODA','4100135698',NULL, NULL, NULL);
INSERT INTO REGISTRO(id_registro, contatto, tipo, numero, gruppo, data, file) VALUES('13','Poste Italiane S.p.a.','ODA','4100137014',NULL, NULL, NULL);
INSERT INTO REGISTRO(id_registro, contatto, tipo, numero, gruppo, data, file) VALUES('7', 'Poste Italiane S.p.a.','ODA','4100137674',NULL, NULL, NULL);
INSERT INTO REGISTRO(id_registro, contatto, tipo, numero, gruppo, data, file) VALUES('2', 'Poste Italiane S.p.a.','ODA','4100138062',NULL, NULL, NULL);
INSERT INTO REGISTRO(id_registro, contatto, tipo, numero, gruppo, data, file) VALUES('16','Poste Italiane S.p.a.','ODA','4100138063',NULL, NULL, NULL);
INSERT INTO REGISTRO(id_registro, contatto, tipo, numero, gruppo, data, file) VALUES('35','Poste Italiane S.p.a.','ODA','422001710', NULL, NULL, NULL);
INSERT INTO REGISTRO(id_registro, contatto, tipo, numero, gruppo, data, file) VALUES('39','Poste Italiane S.p.a.','ODA','4222001515',NULL, NULL, NULL);
INSERT INTO REGISTRO(id_registro, contatto, tipo, numero, gruppo, data, file) VALUES('63','Poste Italiane S.p.a.','ODA','4501182411',NULL, NULL, NULL);
INSERT INTO REGISTRO(id_registro, contatto, tipo, numero, gruppo, data, file) VALUES('65','Poste Italiane S.p.a.','ODA','4501182589',NULL, NULL, NULL);
INSERT INTO REGISTRO(id_registro, contatto, tipo, numero, gruppo, data, file) VALUES('28','Poste Italiane S.p.a.','ODA','4501184977',NULL, NULL, NULL);
INSERT INTO REGISTRO(id_registro, contatto, tipo, numero, gruppo, data, file) VALUES('10','Poste Italiane S.p.a.','ODA','4501186488',NULL, NULL, NULL);
INSERT INTO REGISTRO(id_registro, contatto, tipo, numero, gruppo, data, file) VALUES('197', 'Poste Italiane S.p.a.','ODA','4509054989T', NULL, NULL, NULL);
INSERT INTO REGISTRO(id_registro, contatto, tipo, numero, gruppo, data, file) VALUES('88','PosteMobile S.p.a.','MDS','10',NULL, NULL, NULL);
INSERT INTO REGISTRO(id_registro, contatto, tipo, numero, gruppo, data, file) VALUES('198', 'PosteMobile S.p.a.','MDS','101', NULL, NULL, NULL);
INSERT INTO REGISTRO(id_registro, contatto, tipo, numero, gruppo, data, file) VALUES('91','PosteMobile S.p.a.','MDS','13',NULL, NULL, NULL);
INSERT INTO REGISTRO(id_registro, contatto, tipo, numero, gruppo, data, file) VALUES('93','PosteMobile S.p.a.','MDS','15',NULL, NULL, NULL);
INSERT INTO REGISTRO(id_registro, contatto, tipo, numero, gruppo, data, file) VALUES('100', 'PosteMobile S.p.a.','MDS','22',NULL, NULL, NULL);
INSERT INTO REGISTRO(id_registro, contatto, tipo, numero, gruppo, data, file) VALUES('103', 'PosteMobile S.p.a.','MDS','25',NULL, NULL, NULL);
INSERT INTO REGISTRO(id_registro, contatto, tipo, numero, gruppo, data, file) VALUES('106', 'PosteMobile S.p.a.','MDS','28',NULL, NULL, NULL);
INSERT INTO REGISTRO(id_registro, contatto, tipo, numero, gruppo, data, file) VALUES('85','PosteMobile S.p.a.','MDS','7', NULL, NULL, NULL);
INSERT INTO REGISTRO(id_registro, contatto, tipo, numero, gruppo, data, file) VALUES('177', 'PosteMobile S.p.a.','MDS','90',NULL, NULL, NULL);
INSERT INTO REGISTRO(id_registro, contatto, tipo, numero, gruppo, data, file) VALUES('50','R&M', 'DDT','296', '194', '2013-02-05', 'DDT_REM_296.pdf');
INSERT INTO REGISTRO(id_registro, contatto, tipo, numero, gruppo, data, file) VALUES('52','R&M', 'DDT','428', '195', '2013-02-21', 'DDT_REM_428.pdf');
INSERT INTO REGISTRO(id_registro, contatto, tipo, numero, gruppo, data, file) VALUES('58','R&M', 'DDT','438', '202', '2013-02-22', 'DDT_REM_438.pdf');
INSERT INTO REGISTRO(id_registro, contatto, tipo, numero, gruppo, data, file) VALUES('53','R&M', 'DDT','465', '196', '2013-02-26', 'DDT_REM_465.pdf');
INSERT INTO REGISTRO(id_registro, contatto, tipo, numero, gruppo, data, file) VALUES('54','R&M', 'DDT','467', '197', '2013-02-26', 'DDT_REM_467.pdf');
INSERT INTO REGISTRO(id_registro, contatto, tipo, numero, gruppo, data, file) VALUES('55','R&M', 'DDT','518', '198', '2013-03-05', 'DDT_REM_518.pdf');
INSERT INTO REGISTRO(id_registro, contatto, tipo, numero, gruppo, data, file) VALUES('56','R&M', 'DDT','544', '200', '2013-03-06', 'DDT_REM_544.pdf');
INSERT INTO REGISTRO(id_registro, contatto, tipo, numero, gruppo, data, file) VALUES('12','RTI INFORDATA S.p.a.','DDT','080/RM',NULL, NULL, NULL);
INSERT INTO REGISTRO(id_registro, contatto, tipo, numero, gruppo, data, file) VALUES('51','RTI INFORDATA S.p.a.','DDT','1300756', NULL, NULL, NULL);
INSERT INTO REGISTRO(id_registro, contatto, tipo, numero, gruppo, data, file) VALUES('59','SDA Express Courier', 'Lettera_di_vettura', '1214813101738', '213', '2013-05-22', 'LDV_SDA_1214813101738.pdf');
INSERT INTO REGISTRO(id_registro, contatto, tipo, numero, gruppo, data, file) VALUES('25','Telecom Italia','DDT','127', NULL, NULL, NULL);
INSERT INTO REGISTRO(id_registro, contatto, tipo, numero, gruppo, data, file) VALUES('37','Telecom Italia','DDT','169/RZ/2013', '214', '2013-06-13', 'DDT_TELECOM_169rz2013.pdf');

-- MERCE
TRUNCATE TABLE MERCE;
INSERT INTO MERCE(id_merce, tags) VALUES('1','SERVER IBM 3850-X5 ridontati doppioseriale');
INSERT INTO MERCE(id_merce, tags) VALUES('2','BRETELLA FO-LC-LC-50/125 10M');
INSERT INTO MERCE(id_merce, tags) VALUES('3','BRETELLA UTP-CAT6 3M giallo');
INSERT INTO MERCE(id_merce, tags) VALUES('4','BRETELLA UTP-CAT6 3M blu');
INSERT INTO MERCE(id_merce, tags) VALUES('5','BRETELLA UTP-CAT5E 3M');
INSERT INTO MERCE(id_merce, tags) VALUES('6','BRETELLA FO-LC-LC-50/125 5M');
INSERT INTO MERCE(id_merce, tags) VALUES('7','SERVER FUJITSU RX600 PY RX600 S6 S26361-K1402-V400');
INSERT INTO MERCE(id_merce, tags) VALUES('8','APPARATI SWITCH KVM S4-0812 digital vm 1he S26361-K1393-V8 switch monitor tastiera rack');
INSERT INTO MERCE(id_merce, tags) VALUES('9','APPARATI MONITOR 17inch rack tft rc25 43cm S26361-K1387-V600 monitor rack');
INSERT INTO MERCE(id_merce, tags) VALUES('10','APPARATI ADAPTER USB-VGA KabelS26361-F4473-L230 console rack');
INSERT INTO MERCE(id_merce, tags) VALUES('11','APPARATI CHASSIS ENCLOSURE BLADE LCD HP BLC7000');
INSERT INTO MERCE(id_merce, tags) VALUES('12','SERVER BLADE HP BL460c 641016-B21 Gen8 10Gb FLB CTO');
INSERT INTO MERCE(id_merce, tags) VALUES('13','APPARATI POSTEMOBILE RSS4000-HD-WEB STREAM-UPG 5150-32759-001 videoconferenza');
INSERT INTO MERCE(id_merce, tags) VALUES('14','BRETELLA UTP-CAT5E 2M');
INSERT INTO MERCE(id_merce, tags) VALUES('16','APPARATI DVDRW HP Mobile USB nLS DVDRW Drive A2U57AA');
INSERT INTO MERCE(id_merce, tags) VALUES('17','ATTREZZI SL8500 cassa');
INSERT INTO MERCE(id_merce, tags) VALUES('18','APPARATI SWITCH POSTEL BLADE EC-1700-B CONNECTRIX B SERIES CABINET');
INSERT INTO MERCE(id_merce, tags) VALUES('19','BRETELLA FO-LC-LC-50/125 30M');
INSERT INTO MERCE(id_merce, tags) VALUES('20','APPARATI STORAGE VMAXSB-SYS-TOPKIT vmax system bay');
INSERT INTO MERCE(id_merce, tags) VALUES('21','APPARATI STORAGE VMAX STORAGESB-DB-TOP-KIT vmax storage bay');
INSERT INTO MERCE(id_merce, tags) VALUES('22','APPARATI STORAGE EMC ATMOS POSTEL1 rack emc atmos 800kg');
INSERT INTO MERCE(id_merce, tags) VALUES('23','ATTREZZI STORAGE ORACLE SL8500 TAPE CLEARING 31840741 pulitori nastri');
INSERT INTO MERCE(id_merce, tags) VALUES('24','APPARATI MONITOR 65inch LED MD65CSMMD65C overlay protection glass touch');
INSERT INTO MERCE(id_merce, tags) VALUES('25','APPARATI PLUG IN MODULE CPU AMDSBB-PQ32BV4/ENcomputer tv cpu amd A8-3510M');
INSERT INTO MERCE(id_merce, tags) VALUES('26','APPARATI FIREWALL POSTEMOBILE CERT GX4004C-V2-1-Pproventia gx4004c-v2 ips 1u');
INSERT INTO MERCE(id_merce, tags) VALUES('27','APPARATI DISCHI 8TB STORAGE POSTEL Nodi raw 4_da_2TB tot_64TB raw');
INSERT INTO MERCE(id_merce, tags) VALUES('28','COMPONENTI LICENZASOFTWARE CENTRASTARCentrastar GOVERNANCE EDITION PARITY REPLICATION');
INSERT INTO MERCE(id_merce, tags) VALUES('29','APPARATI SWITCH CISCO WS-C2960S-48TS-Lswitch 10029295');
INSERT INTO MERCE(id_merce, tags) VALUES('30','APPARATI SWITCH POSTEMOBILE SCHEDE N7K-C7009-B2S2E-R');
INSERT INTO MERCE(id_merce, tags) VALUES('31','APPARATI SWITCH POSTEMOBILE SCHEDE ASR-9006-AC-V2 materiale telecomunicazioni 10035580');
INSERT INTO MERCE(id_merce, tags) VALUES('32','APPARATI CHECKPOINT POSTEMOBILE GATEWAY cpap-sg4800-ngfw-vs10-2 4800 NGFW VS appliance bundle');
INSERT INTO MERCE(id_merce, tags) VALUES('33','SERVER RMA');
INSERT INTO MERCE(id_merce, tags) VALUES('34','APPARATI KVM RMA');
INSERT INTO MERCE(id_merce, tags) VALUES('35','APPARATI MONITOR TFT FUJITSU RC-23');
INSERT INTO MERCE(id_merce, tags) VALUES('36','APPARATI SWITCH CISCOMDS 9513');
INSERT INTO MERCE(id_merce, tags) VALUES('37','APPARATI SWITCH CISCO NEXSUS POSTEMOBILE 2232P');
INSERT INTO MERCE(id_merce, tags) VALUES('38','APPARATI SWITCH CISCO POSTEMOBILE n5k-c5548up-fa materiale telecomunicazioni 10034661');
INSERT INTO MERCE(id_merce, tags) VALUES('39','APPARATI SWITCH CISCO POSTEMOBILE n2k-2232pf-10ge');
INSERT INTO MERCE(id_merce, tags) VALUES('41','BRETELLA FO-LC-LC-50/125 12M');
INSERT INTO MERCE(id_merce, tags) VALUES('42','ATTREZZI SPINE Spine industriali 32A 5poli');
INSERT INTO MERCE(id_merce, tags) VALUES('43','APPARATI STORAGE IBM DS8800 50.4TB IBM 2423.951 S/N_75AZM80 7drive 450GB 112 dischi 64GB cache 32porte FC SW backend Storage console sspc 2805-MC5');
INSERT INTO MERCE(id_merce, tags) VALUES('44','APPARATI SWITCH IBM SAN 32 C21M02IBM SAN 768B 2499-384 blade 32porte S/N_106562P-106563X-106564L-106564E-106564P-106563D');
INSERT INTO MERCE(id_merce, tags) VALUES('45','APPARATI SWITCH IBM SAN 48 C21M02IBM SAN 768B 2499-384 blade 48porte S/N_106564F-106563Z-106563R-106564D');
INSERT INTO MERCE(id_merce, tags) VALUES('46','BRETELLA FO-LC-LC-50/125 3M');
INSERT INTO MERCE(id_merce, tags) VALUES('47','BRETELLA FO-LC-LC-50/125 12,5M');
INSERT INTO MERCE(id_merce, tags) VALUES('48','BRETELLA FO-LC-LC-50/125 15M');
INSERT INTO MERCE(id_merce, tags) VALUES('49','BRETELLA FO-LC-LC-50/125 20M');
INSERT INTO MERCE(id_merce, tags) VALUES('50','BRETELLA FO-LC-SC-50/125 3M');
INSERT INTO MERCE(id_merce, tags) VALUES('51','BRETELLA FO-SC-SC-50/125 3M');
INSERT INTO MERCE(id_merce, tags) VALUES('52','BRETELLA FO-LC-LC-9/125 3M');
INSERT INTO MERCE(id_merce, tags) VALUES('53','BRETELLA FO-LC-SC-9/125 3M');
INSERT INTO MERCE(id_merce, tags) VALUES('54','BRETELLA UTP-CAT6 3M');
INSERT INTO MERCE(id_merce, tags) VALUES('55','VARI CAPPUCCI COLOUR CODING PATCH C6 GIALLO');
INSERT INTO MERCE(id_merce, tags) VALUES('56','VARI CAPPUCCI COLOUR CODING PATCH C6 BLUE');
INSERT INTO MERCE(id_merce, tags) VALUES('57','BRETELLA UTP-CAT5E 5M');
INSERT INTO MERCE(id_merce, tags) VALUES('58','VARI HP FLASH USB608447-B21HP 2GB USB FLASH MEDIA DRIVE KEY KIT');
INSERT INTO MERCE(id_merce, tags) VALUES('59','BRETELLA UTP-CAT6 2M');
INSERT INTO MERCE(id_merce, tags) VALUES('60','APPARATI TELEFONO VOIP');
INSERT INTO MERCE(id_merce, tags) VALUES('61','VARI pt_number');
INSERT INTO MERCE(id_merce, tags) VALUES('62','APPARATI STORAGE IBM DS8800 57.6TB');
INSERT INTO MERCE(id_merce, tags) VALUES('63','BRETELLA FO-LC-LC-50/125 50M');
INSERT INTO MERCE(id_merce, tags) VALUES('64','APPARATI VBLOCK VB320-5700V06WT714001-01-02-03');
INSERT INTO MERCE(id_merce, tags) VALUES('65','VARI PASSACAVI');
INSERT INTO MERCE(id_merce, tags) VALUES('66','COMPONENTI ADATTATORE PER FIBRE SFP-10G-SR');
INSERT INTO MERCE(id_merce, tags) VALUES('67','COMPONENTI ADATTATORE CAVI RAME CSY GLC-T');
INSERT INTO MERCE(id_merce, tags) VALUES('68','APPARATI SWITCH 48-PORT CATALYST WSC4948E OPT SW');
INSERT INTO MERCE(id_merce, tags) VALUES('69','BRETELLA FO-LC-LC-50/125 26M');
INSERT INTO MERCE(id_merce, tags) VALUES('70','BRETELLA FO-LC-LC-50/125 27M');
INSERT INTO MERCE(id_merce, tags) VALUES('71','BRETELLA FO-LC-LC-50/125 35M');
INSERT INTO MERCE(id_merce, tags) VALUES('72','SERVER HP DL380P GEN8 653200-B21');
INSERT INTO MERCE(id_merce, tags) VALUES('73','SERVER HP DL380P GEN8 665653-B21');
INSERT INTO MERCE(id_merce, tags) VALUES('74','SERVER HP DL360P IRCE PROGETTO CERT');
INSERT INTO MERCE(id_merce, tags) VALUES('75','APPARATI DISTRIBUTION_POWER');
INSERT INTO MERCE(id_merce, tags) VALUES('76','BRETELLA FO-LC-LC-50/125 25M');
INSERT INTO MERCE(id_merce, tags) VALUES('77','BRETELLA FO-LC-LC-50/125 40M');
INSERT INTO MERCE(id_merce, tags) VALUES('78','Pannelli Plastica 1UR Plexiglass');
INSERT INTO MERCE(id_merce, tags) VALUES('79','Pannelli Plastica 2UR Plexiglass'); 
INSERT INTO MERCE(id_merce, tags) VALUES('80','Pannelli Plastica 3UR Plexiglass');
INSERT INTO MERCE(id_merce, tags) VALUES('81','Pannelli Plastica 5UR Plexiglass');
INSERT INTO MERCE(id_merce, tags) VALUES('82','Pannelli Plastica 10UR Plexiglass');
INSERT INTO MERCE(id_merce, tags) VALUES('83','Minuteria Viti dadi gabbia Scatola');
INSERT INTO MERCE(id_merce, tags) VALUES('84','APPARATI SWITCH POSTEMOBILE CISCO CSY n2k-c2232tf-e');
INSERT INTO MERCE(id_merce, tags) VALUES('85','APPARATI FIREWALL POSTEMOBILE CISCO ASA CSYMP ASA5525VPN-EM750K9');
CALL fix_proprieta_tags();

-- OPERAZIONI
TRUNCATE TABLE OPERAZIONI;
INSERT INTO OPERAZIONI(id_operazioni,direzione,id_registro,id_merce,quantita,posizione,data,note) VALUES('1' ,'1', '1', '1','6','P10','2013-12-11', 'ref. F. Lucati, scatole su pedana 18 colli 350kg. seriali 06Z4176, 06Z4182, 06Z4171, 06Z4185, 06Z4177, 06Z4184, 06Z4165, 06Z4183, 06Z4180, 06Z4186, 06Z4166, 06Z4188');
INSERT INTO OPERAZIONI(id_operazioni,direzione,id_registro,id_merce,quantita,posizione,data,note) VALUES('2' ,'1', '1', '2','24', 'A1L05','2013-12-11', 'ref. F. Lucati, scatole su pedana 18 colli 350kg');
INSERT INTO OPERAZIONI(id_operazioni,direzione,id_registro,id_merce,quantita,posizione,data,note) VALUES('3' ,'1', '1', '3','33', 'P01','2013-12-11', 'ref. F. Lucati, scatole su pedana 18 colli 350kg');
INSERT INTO OPERAZIONI(id_operazioni,direzione,id_registro,id_merce,quantita,posizione,data,note) VALUES('4' ,'1', '1', '4','33', 'P01','2013-12-11', 'ref. F. Lucati, scatole su pedana 18 colli 350kg');
INSERT INTO OPERAZIONI(id_operazioni,direzione,id_registro,id_merce,quantita,posizione,data,note) VALUES('5' ,'1', '3', '5','99', 'B1L04','2013-11-11', 'dati ordine 4507751134 / 28.10.2013 / Andrea Esposito | vmware fase 2 rx600');
INSERT INTO OPERAZIONI(id_operazioni,direzione,id_registro,id_merce,quantita,posizione,data,note) VALUES('6' ,'1', '5', '6','36', 'A2L04','2013-11-11', 'dati ordine 4507751134 / 28.10.2013 / Andrea Esposito');
INSERT INTO OPERAZIONI(id_operazioni,direzione,id_registro,id_merce,quantita,posizione,data,note) VALUES('7' ,'1', '6', '6','16', 'A2L04','2013-12-03', 'dati ordine 4507773905 / 19.11.2013 / Andrea Esposito. moving rete Cert');
INSERT INTO OPERAZIONI(id_operazioni,direzione,id_registro,id_merce,quantita,posizione,data,note) VALUES('8' ,'1', '8', '7','4','P10','2013-12-03', 'dati ordine 4507773905 / 19.11.2013 / Andrea Esposito. moving rete Cert. matricole YLCE006834 YLCE006847 YLCE006850 YLCE006870');
INSERT INTO OPERAZIONI(id_operazioni,direzione,id_registro,id_merce,quantita,posizione,data,note) VALUES('9' ,'1', '8', '5','44', 'B1L04','2013-12-03', 'dati ordine 4507773905 / 19.11.2013 / Andrea Esposito. moving rete Cert');
INSERT INTO OPERAZIONI(id_operazioni,direzione,id_registro,id_merce,quantita,posizione,data,note) VALUES('10','1', '9', '8','2','P10','2013-11-19', 'dati ordine 4507765270 / 12.11.2013 / Andrea Esposito. kvm isola 5');
INSERT INTO OPERAZIONI(id_operazioni,direzione,id_registro,id_merce,quantita,posizione,data,note) VALUES('11','1', '9', '9','2','P10','2013-11-19', 'dati ordine 4507765270 / 12.11.2013 / Andrea Esposito. kvm isola 5');
INSERT INTO OPERAZIONI(id_operazioni,direzione,id_registro,id_merce,quantita,posizione,data,note) VALUES('12','1', '9', '10', '9','P10','2013-11-19', 'dati ordine 4507765270 / 12.11.2013 / Andrea Esposito. kvm isola 5');
INSERT INTO OPERAZIONI(id_operazioni,direzione,id_registro,id_merce,quantita,posizione,data,note) VALUES('14','1', '11','7','9','P10','2013-11-11', 'dati ordine 4507751134 / 28.10.2013 / Andrea Esposito | vmware fase 2 rx600. matricole YLCE006688, YLCE006689, YLCE006705, YLCE006706, YLCE006707, YLCE006708, YLCE006709, YLCE006710, YLCE006711');
INSERT INTO OPERAZIONI(id_operazioni,direzione,id_registro,id_merce,quantita,posizione,data,note) VALUES('15','1', '12','11', '3','P10','2013-12-19', 'progetto vmware3 isola5. enclosure blade lcd. seriali: CZ3316C9KW, CZ3316C95W, CZ3316C961');
INSERT INTO OPERAZIONI(id_operazioni,direzione,id_registro,id_merce,quantita,posizione,data,note) VALUES('16','1', '12','12', '24', 'P10','2013-11-19', 'progetto vmware3 isola5. 24 server blade seriali CZ3316C9M3, CZ3316C9LD, CZ3316C9JN, CZ3316C9KB, CZ3316C9KR, CZ3316C9LB, CZ3316C9LY, CZ3316C9KD, CZ3316C9K5, CZ3316C9K3, CZ3316C9JT, CZ3316C9KL, CZ3316C9M5, CZ3316C9JF, CZ3316C9JR, CZ3316C9K1, CZ3316C9JL, CZ3316C9L1, CZ3316C9KN, CZ3316C9LW, CZ3316C9J7, CZ3316C9JY, CZ3316C9KF, CZ3316C9KW');
INSERT INTO OPERAZIONI(id_operazioni,direzione,id_registro,id_merce,quantita,posizione,data,note) VALUES('17','1', '14','13', '2','P10','2013-12-30', 'materiale per videoconferenze postemobile');
INSERT INTO OPERAZIONI(id_operazioni,direzione,id_registro,id_merce,quantita,posizione,data,note) VALUES('18','1', '15','11', '2','P10','2013-12-12', 'materiale vmware fase 3. server blade');
INSERT INTO OPERAZIONI(id_operazioni,direzione,id_registro,id_merce,quantita,posizione,data,note) VALUES('19','1', '15','14', '32', 'B1L03','2013-12-12', 'materiale vmware fase 3. server blade');
INSERT INTO OPERAZIONI(id_operazioni,direzione,id_registro,id_merce,quantita,posizione,data,note) VALUES('20','1', '17','12', '1','P10','2013-07-18', 'moving Postel Isola 4, server Blade');
INSERT INTO OPERAZIONI(id_operazioni,direzione,id_registro,id_merce,quantita,posizione,data,note) VALUES('21','1', '18','12', '42', 'P10','2013-07-29', 'moving Postel Isola 4, server Blade');
INSERT INTO OPERAZIONI(id_operazioni,direzione,id_registro,id_merce,quantita,posizione,data,note) VALUES('22','1', '19','12', '1','P10','2013-07-22', 'moving Postel Isola 4, server Blade');
INSERT INTO OPERAZIONI(id_operazioni,direzione,id_registro,id_merce,quantita,posizione,data,note) VALUES('23','1', '20','12', '2','P10','2013-07-23', 'moving Postel Isola 4, server Blade');
INSERT INTO OPERAZIONI(id_operazioni,direzione,id_registro,id_merce,quantita,posizione,data,note) VALUES('24','1', '21','16', '1','P10','2013-08-16', 'moving Postel Isola 4, server Blade');
INSERT INTO OPERAZIONI(id_operazioni,direzione,id_registro,id_merce,quantita,posizione,data,note) VALUES('25','1', '22','17', '1','P10','2013-07-29', 'progetto sl8500. ref. M. Gennarelli');
INSERT INTO OPERAZIONI(id_operazioni,direzione,id_registro,id_merce,quantita,posizione,data,note) VALUES('26','1', '23','18', '2','P10','2013-08-29', 'progetto vmax isola 4');
INSERT INTO OPERAZIONI(id_operazioni,direzione,id_registro,id_merce,quantita,posizione,data,note) VALUES('27','1', '23','19', '128','A2L13','2013-08-29', 'progetto vmax isola 4');
INSERT INTO OPERAZIONI(id_operazioni,direzione,id_registro,id_merce,quantita,posizione,data,note) VALUES('28','1', '24','20', '1','P10','2013-08-29', 'progetto vmax isola storage. rif Lorusso');
INSERT INTO OPERAZIONI(id_operazioni,direzione,id_registro,id_merce,quantita,posizione,data,note) VALUES('29','1', '24','21', '8','P10','2013-08-29', 'progetto vmax isola storage. rif Lorusso');
INSERT INTO OPERAZIONI(id_operazioni,direzione,id_registro,id_merce,quantita,posizione,data,note) VALUES('30','1', '25','22', '1','P10','2013-09-23', 'progetto atmos postel, isola storage. mittente telecom italia via pontina 19 pomezia. rif lorusso');
INSERT INTO OPERAZIONI(id_operazioni,direzione,id_registro,id_merce,quantita,posizione,data,note) VALUES('31','1', '26','23', '4','P10','2013-07-26', 'committente mauden spa');
INSERT INTO OPERAZIONI(id_operazioni,direzione,id_registro,id_merce,quantita,posizione,data,note) VALUES('32','1', '27','24', '1','P10','2013-10-04', 'tv corridoio');
INSERT INTO OPERAZIONI(id_operazioni,direzione,id_registro,id_merce,quantita,posizione,data,note) VALUES('33','1', '27','25', '1','P10','2013-10-04', 'tv corridoio');
INSERT INTO OPERAZIONI(id_operazioni,direzione,id_registro,id_merce,quantita,posizione,data,note) VALUES('34','1', '29','26', '2','P10','2013-10-08', 'progetto rete cert, firewall hardware. area carrier isola 1. seriali S6811503, S6811499');
INSERT INTO OPERAZIONI(id_operazioni,direzione,id_registro,id_merce,quantita,posizione,data,note) VALUES('35','1', '30','27', '8','P10','2013-10-24', 'dischi storage postel. infrastruttura disaster recovery postel');
INSERT INTO OPERAZIONI(id_operazioni,direzione,id_registro,id_merce,quantita,posizione,data,note) VALUES('36','1', '30','28', '16', 'P10','2013-10-24', 'dischi storage postel. infrastruttura disaster recovery postel');
INSERT INTO OPERAZIONI(id_operazioni,direzione,id_registro,id_merce,quantita,posizione,data,note) VALUES('37','1', '31','29', '2','P10','2013-10-23', 'materiale postemobile');
INSERT INTO OPERAZIONI(id_operazioni,direzione,id_registro,id_merce,quantita,posizione,data,note) VALUES('38','1', '32','30', '2','P10','2013-12-23', 'materiale postemobile. a saldo per la network 128617');
INSERT INTO OPERAZIONI(id_operazioni,direzione,id_registro,id_merce,quantita,posizione,data,note) VALUES('39','1', '33','31', '2','P10','2013-12-20', 'materiale postemobile. a saldo per la network 128617');
INSERT INTO OPERAZIONI(id_operazioni,direzione,id_registro,id_merce,quantita,posizione,data,note) VALUES('40','1', '34','32', '1','P10','2013-10-24', 'materiale rete postemobile. ref. Napoli');
INSERT INTO OPERAZIONI(id_operazioni,direzione,id_registro,id_merce,quantita,posizione,data,note) VALUES('41','1', '36','33', '17', 'P10','2013-04-12', 'moving arte antica (rma) . 3 bancali ricevuti il 13/04/13. sala 1 isola 5. 17 server ricevuti, 15 in sala e 2 da cannibalizzare. pt trovati in sala: 40265938, 40265940, 40273589, 40273590, 40297984, 00292140, 00096828, 00261605, 00292259, 40419732, 40040021, 40040025, 40169516, 40169517, 40169518. 2 kvm con pt 40077468, 40077469');
INSERT INTO OPERAZIONI(id_operazioni,direzione,id_registro,id_merce,quantita,posizione,data,note) VALUES('42','1', '36','34', '2','P10','2013-04-12', 'moving arte antica (rma) . 3 bancali ricevuti il 13/04/13. sala 1 isola 5. 17 server ricevuti, 15 in sala e 2 da cannibalizzare. pt trovati in sala: 40265938, 40265940, 40273589, 40273590, 40297984, 00292140, 00096828, 00261605, 00292259, 40419732, 40040021, 40040025, 40169516, 40169517, 40169518. 2 kvm con pt 40077468, 40077469');
INSERT INTO OPERAZIONI(id_operazioni,direzione,id_registro,id_merce,quantita,posizione,data,note) VALUES('43','1', '36','35', '2','P10','2013-04-12', 'moving arte antica (rma) . 3 bancali ricevuti il 13/04/13. sala 1 isola 5. 17 server ricevuti, 15 in sala e 2 da cannibalizzare. pt trovati in sala: 40265938, 40265940, 40273589, 40273590, 40297984, 00292140, 00096828, 00261605, 00292259, 40419732, 40040021, 40040025, 40169516, 40169517, 40169518. 2 kvm con pt 40077468, 40077469');
INSERT INTO OPERAZIONI(id_operazioni,direzione,id_registro,id_merce,quantita,posizione,data,note) VALUES('44','1', '36','36', '2','P10','2013-04-12', 'moving arte antica (rma) . 3 bancali ricevuti il 13/04/13. sala 1 isola 5. 17 server ricevuti, 15 in sala e 2 da cannibalizzare. pt trovati in sala: 40265938, 40265940, 40273589, 40273590, 40297984, 00292140, 00096828, 00261605, 00292259, 40419732, 40040021, 40040025, 40169516, 40169517, 40169518. 2 kvm con pt 40077468, 40077469');
INSERT INTO OPERAZIONI(id_operazioni,direzione,id_registro,id_merce,quantita,posizione,data,note) VALUES('45','1', '37','39', '10', 'P10','2013-06-13', '10 colli. 10 switch con pt 40664196, 40664197, 40664195, 40664192, 40664194, 40664193, 40664191, 40664190, 40664189, 40664188');
INSERT INTO OPERAZIONI(id_operazioni,direzione,id_registro,id_merce,quantita,posizione,data,note) VALUES('46','1', '38','38', '2','P10','2013-06-25', 'A saldo per la network 125638');
INSERT INTO OPERAZIONI(id_operazioni,direzione,id_registro,id_merce,quantita,posizione,data,note) VALUES('47','1', '40','39', '8','P10','2013-06-25', 'materiale postemobile. a saldo per la network 125644');
INSERT INTO OPERAZIONI(id_operazioni,direzione,id_registro,id_merce,quantita,posizione,data,note) VALUES('48','1', '41','7','16', 'P10','2012-12-20', 'server sala1 isola5 progetto vmware, pt40699099 progettoinfrastruttura backup torino e solo 2 progetto infrastruttura cloud e virtualizza');
INSERT INTO OPERAZIONI(id_operazioni,direzione,id_registro,id_merce,quantita,posizione,data,note) VALUES('49','1', '43','2','10', 'A1L05','2013-01-29', 'integrazione ordine fujitsu');
INSERT INTO OPERAZIONI(id_operazioni,direzione,id_registro,id_merce,quantita,posizione,data,note) VALUES('50','1', '43','41', '2','A2L09','2013-01-29', 'integrazione ordine fujitsu');
INSERT INTO OPERAZIONI(id_operazioni,direzione,id_registro,id_merce,quantita,posizione,data,note) VALUES('51','1', '44','42', '1','P10','2013-01-04', NULL);
INSERT INTO OPERAZIONI(id_operazioni,direzione,id_registro,id_merce,quantita,posizione,data,note) VALUES('52','1', '46','43', '1','P10','2013-01-03', 'progetto ds8800 isola storage');
INSERT INTO OPERAZIONI(id_operazioni,direzione,id_registro,id_merce,quantita,posizione,data,note) VALUES('53','1', '46','44', '6','P10','2013-01-03', 'progetto ds8800 isola storage');
INSERT INTO OPERAZIONI(id_operazioni,direzione,id_registro,id_merce,quantita,posizione,data,note) VALUES('54','1', '46','45', '4','P10','2013-01-03', 'progetto ds8800 isola storage');
INSERT INTO OPERAZIONI(id_operazioni,direzione,id_registro,id_merce,quantita,posizione,data,note) VALUES('55','1', '47','46', '100','A2L05','2013-01-25', NULL);
INSERT INTO OPERAZIONI(id_operazioni,direzione,id_registro,id_merce,quantita,posizione,data,note) VALUES('56','1', '47','2','85', 'A1L05','2013-01-25', NULL);
INSERT INTO OPERAZIONI(id_operazioni,direzione,id_registro,id_merce,quantita,posizione,data,note) VALUES('57','1', '47','47', '85', 'A2L09','2013-01-25', NULL);
INSERT INTO OPERAZIONI(id_operazioni,direzione,id_registro,id_merce,quantita,posizione,data,note) VALUES('58','1', '47','48', '57', 'A2L10','2013-01-25', NULL);
INSERT INTO OPERAZIONI(id_operazioni,direzione,id_registro,id_merce,quantita,posizione,data,note) VALUES('59','1', '47','49', '57', 'A1L11','2013-01-25', NULL);
INSERT INTO OPERAZIONI(id_operazioni,direzione,id_registro,id_merce,quantita,posizione,data,note) VALUES('60','1', '49','48', '57', 'A2L10','2013-01-07', NULL);
INSERT INTO OPERAZIONI(id_operazioni,direzione,id_registro,id_merce,quantita,posizione,data,note) VALUES('62','1', '49','46', '100','A2L05','2013-01-07', NULL);
INSERT INTO OPERAZIONI(id_operazioni,direzione,id_registro,id_merce,quantita,posizione,data,note) VALUES('63','1', '49','2','85', 'A1L05','2013-01-07', NULL);
INSERT INTO OPERAZIONI(id_operazioni,direzione,id_registro,id_merce,quantita,posizione,data,note) VALUES('64','1', '49','47', '85', 'A2L09','2013-01-07', NULL);
INSERT INTO OPERAZIONI(id_operazioni,direzione,id_registro,id_merce,quantita,posizione,data,note) VALUES('65','1', '50','46', '190','A2L05','2013-02-05', '6 colli ord.005-13');
INSERT INTO OPERAZIONI(id_operazioni,direzione,id_registro,id_merce,quantita,posizione,data,note) VALUES('66','1', '50','50', '100','A2L01','2013-02-05', '6 colli - ord. 005-13');
INSERT INTO OPERAZIONI(id_operazioni,direzione,id_registro,id_merce,quantita,posizione,data,note) VALUES('67','1', '50','51', '100','A1L02','2013-02-05', '6 colli - ord. 005-13');
INSERT INTO OPERAZIONI(id_operazioni,direzione,id_registro,id_merce,quantita,posizione,data,note) VALUES('68','1', '50','52', '252','A2L03','2013-02-05', '6 colli - ord. 005-13');
INSERT INTO OPERAZIONI(id_operazioni,direzione,id_registro,id_merce,quantita,posizione,data,note) VALUES('69','1', '50','53', '64', 'A2L02','2013-02-05', '6 colli - ord. 005-13');
INSERT INTO OPERAZIONI(id_operazioni,direzione,id_registro,id_merce,quantita,posizione,data,note) VALUES('70','1', '50','54', '20', 'P01','2013-02-05', '6 colli - ord. 005-13');
INSERT INTO OPERAZIONI(id_operazioni,direzione,id_registro,id_merce,quantita,posizione,data,note) VALUES('71','1', '50','55', '20', 'P01','2013-02-05', NULL);
INSERT INTO OPERAZIONI(id_operazioni,direzione,id_registro,id_merce,quantita,posizione,data,note) VALUES('72','1', '50','56', '20', 'P01','2013-02-05', NULL);
INSERT INTO OPERAZIONI(id_operazioni,direzione,id_registro,id_merce,quantita,posizione,data,note) VALUES('73','1', '51','57', '40', 'P10','2013-01-17', '1 collo con codice 1300001729');
INSERT INTO OPERAZIONI(id_operazioni,direzione,id_registro,id_merce,quantita,posizione,data,note) VALUES('74','1', '52','46', '280','A2L05','2013-02-21', '2 colli da 380kg. ordine 005-13. destinazione cantiere nbi');
INSERT INTO OPERAZIONI(id_operazioni,direzione,id_registro,id_merce,quantita,posizione,data,note) VALUES('75','1', '52','54', '3020', 'P01','2013-02-21', '2 colli da 380kg. ordine 005-13. destinazione cantiere nbi');
INSERT INTO OPERAZIONI(id_operazioni,direzione,id_registro,id_merce,quantita,posizione,data,note) VALUES('76','1', '52','55', '1500', 'P01','2013-02-21', '2 colli da 380kg. ordine 005-13. destinazione cantiere nbi');
INSERT INTO OPERAZIONI(id_operazioni,direzione,id_registro,id_merce,quantita,posizione,data,note) VALUES('77','1', '52','56', '1500', 'P01','2013-02-21', '2 colli da 380kg. ordine 005-13. destinazione cantiere nbi');
INSERT INTO OPERAZIONI(id_operazioni,direzione,id_registro,id_merce,quantita,posizione,data,note) VALUES('78','1', '53','46', '530','A2L05','2013-02-26', NULL);
INSERT INTO OPERAZIONI(id_operazioni,direzione,id_registro,id_merce,quantita,posizione,data,note) VALUES('79','1', '54','46', '170','A2L05','2013-02-26', 'ord. Y02A00275. 1 collo 10kg');
INSERT INTO OPERAZIONI(id_operazioni,direzione,id_registro,id_merce,quantita,posizione,data,note) VALUES('80','1', '54','6','30', 'A2L04','2013-02-26', 'ord. Y02A00275. 1 collo 10kg');
INSERT INTO OPERAZIONI(id_operazioni,direzione,id_registro,id_merce,quantita,posizione,data,note) VALUES('81','1', '55','54', '970','P01','2013-03-05', 'ord. Y02A00275. 378 colli da 2500kg');
INSERT INTO OPERAZIONI(id_operazioni,direzione,id_registro,id_merce,quantita,posizione,data,note) VALUES('82','1', '55','56', '1340', 'P01','2013-03-05', 'ord. Y02A00275. 378 colli da 2500kg');
INSERT INTO OPERAZIONI(id_operazioni,direzione,id_registro,id_merce,quantita,posizione,data,note) VALUES('83','1', '55','54', '1470', 'P01','2013-03-05', 'ord. Y02A00275. 378 colli da 2500kg');
INSERT INTO OPERAZIONI(id_operazioni,direzione,id_registro,id_merce,quantita,posizione,data,note) VALUES('84','1', '55','55', '1340', 'P01','2013-03-05', 'ord. Y02A00275. 378 colli da 2500kg');
INSERT INTO OPERAZIONI(id_operazioni,direzione,id_registro,id_merce,quantita,posizione,data,note) VALUES('85','1', '56','46', '1000', 'A2L05','2013-03-06', 'ord. Y02A00275. 5 colli da 50kg');
INSERT INTO OPERAZIONI(id_operazioni,direzione,id_registro,id_merce,quantita,posizione,data,note) VALUES('86','1', '57','58', '41', 'P10','2013-08-14', 'ord. 453/2013. 1 collo da 4,1kg. in armadio da antonio');
INSERT INTO OPERAZIONI(id_operazioni,direzione,id_registro,id_merce,quantita,posizione,data,note) VALUES('87','1', '58','54', '500','P01','2013-02-22', 'ord. Y02A00275. 5 colli da 72kg');
INSERT INTO OPERAZIONI(id_operazioni,direzione,id_registro,id_merce,quantita,posizione,data,note) VALUES('88','1', '58','56', '1600', 'P01','2013-02-22', 'ord. Y02A00275. 5 colli da 72kg');
INSERT INTO OPERAZIONI(id_operazioni,direzione,id_registro,id_merce,quantita,posizione,data,note) VALUES('89','1', '58','55', '1600', 'P01','2013-02-22', 'ord. Y02A00275. 5 colli da 72kg');
INSERT INTO OPERAZIONI(id_operazioni,direzione,id_registro,id_merce,quantita,posizione,data,note) VALUES('90','1', '58','59', '50', 'P01','2013-02-22', 'ord. Y02A00275. 5 colli da 72kg');
INSERT INTO OPERAZIONI(id_operazioni,direzione,id_registro,id_merce,quantita,posizione,data,note) VALUES('91','1', '58','56', '100','P01','2013-02-22', 'ord. Y02A00275. 5 colli da 72kg');
INSERT INTO OPERAZIONI(id_operazioni,direzione,id_registro,id_merce,quantita,posizione,data,note) VALUES('92','1', '58','59', '50', 'P10','2013-02-22', 'ord. Y02A00275. 5 colli da 72kg');
INSERT INTO OPERAZIONI(id_operazioni,direzione,id_registro,id_merce,quantita,posizione,data,note) VALUES('93','1', '58','55', '100','P01','2013-02-22', 'ord. Y02A00275. 5 colli da 72kg');
INSERT INTO OPERAZIONI(id_operazioni,direzione,id_registro,id_merce,quantita,posizione,data,note) VALUES('94','1', '59','60', '14', 'P10','2013-05-22', 'NTA_040');
INSERT INTO OPERAZIONI(id_operazioni,direzione,id_registro,id_merce,quantita,posizione,data,note) VALUES('95','1', '61','61', '100','P10','2013-04-23', 'ricevuta consegna pt number');
INSERT INTO OPERAZIONI(id_operazioni,direzione,id_registro,id_merce,quantita,posizione,data,note) VALUES('96','1', '62','9','2','P10','2013-06-27', 'dati ordine 4507633193 / 10-06-2013 / Sonja Engels');
INSERT INTO OPERAZIONI(id_operazioni,direzione,id_registro,id_merce,quantita,posizione,data,note) VALUES('97','1', '62','8','2','P10','2013-06-27', 'dati ordine 4507633193 / 10-06-2013 / Sonja Engels');
INSERT INTO OPERAZIONI(id_operazioni,direzione,id_registro,id_merce,quantita,posizione,data,note) VALUES('98','1', '62','10', '16', 'P10','2013-06-27', 'dati ordine 4507633193 / 10-06-2013 / Sonja Engels');
INSERT INTO OPERAZIONI(id_operazioni,direzione,id_registro,id_merce,quantita,posizione,data,note) VALUES('99','1', '64','44', '2','P10','2013-07-08', 'espansione ds8800');
INSERT INTO OPERAZIONI(id_operazioni,direzione,id_registro,id_merce,quantita,posizione,data,note) VALUES('100' ,'1', '64','45', '4','P10','2013-07-08', 'espansione ds8800');
INSERT INTO OPERAZIONI(id_operazioni,direzione,id_registro,id_merce,quantita,posizione,data,note) VALUES('101' ,'1', '66','62', '1','P10','2013-07-08', 'espansione ds8800 isola storage. matricola 75AZM80');
INSERT INTO OPERAZIONI(id_operazioni,direzione,id_registro,id_merce,quantita,posizione,data,note) VALUES('102' ,'1', '66','63', '56', 'B1L13','2013-07-08', 'espansione ds8800 isola storage. matricola 75AZM80');
INSERT INTO OPERAZIONI(id_operazioni,direzione,id_registro,id_merce,quantita,posizione,data,note) VALUES('103' ,'1', '66','2','50', 'A1L05','2013-07-08', 'espansione ds8800 isola storage. matricola 75AZM80');
INSERT INTO OPERAZIONI(id_operazioni,direzione,id_registro,id_merce,quantita,posizione,data,note) VALUES('104' ,'1', '66','19', '150','A2L13','2013-07-08', 'espansione ds8800 isola storage. matricola 75AZM80');
INSERT INTO OPERAZIONI(id_operazioni,direzione,id_registro,id_merce,quantita,posizione,data,note) VALUES('114' ,'1', '77','61', '60', 'P10','2014-01-30', '60 etichette per censimento rack sale tlc-a, tlc-b, carrier-b. da pt40699511 a pt40699520, da pt40699895 a pt 40699944');
INSERT INTO OPERAZIONI(id_operazioni,direzione,id_registro,id_merce,quantita,posizione,data,note) VALUES('116' ,'0', '79','48', '2','SALA1','2013-12-19', 'progetto 103877 infrastruttura storage. referente petrone per conto di facility');
INSERT INTO OPERAZIONI(id_operazioni,direzione,id_registro,id_merce,quantita,posizione,data,note) VALUES('117' ,'0', '80','54', '5','SALA1','2013-12-19', 'progetto 103877 infrastruttura storage. referente petrone per conto di facility');
INSERT INTO OPERAZIONI(id_operazioni,direzione,id_registro,id_merce,quantita,posizione,data,note) VALUES('118' ,'0', '81','48', '28', 'SALA1','2013-12-19', 'progetto 103445 cert');
INSERT INTO OPERAZIONI(id_operazioni,direzione,id_registro,id_merce,quantita,posizione,data,note) VALUES('119' ,'0', '82','6','28', 'SALA1','2013-12-19', 'progetto 103445 cert');
INSERT INTO OPERAZIONI(id_operazioni,direzione,id_registro,id_merce,quantita,posizione,data,note) VALUES('120' ,'0', '83','2','8','SALA1','2013-12-19', 'progetto 103445 cert');
INSERT INTO OPERAZIONI(id_operazioni,direzione,id_registro,id_merce,quantita,posizione,data,note) VALUES('121' ,'0', '84','54', '134','SALA1','2013-12-19', 'progetto 103445 cert');
INSERT INTO OPERAZIONI(id_operazioni,direzione,id_registro,id_merce,quantita,posizione,data,note) VALUES('122' ,'0', '85','54', '20', 'SALA1','2013-12-05', 'progetto cert');
INSERT INTO OPERAZIONI(id_operazioni,direzione,id_registro,id_merce,quantita,posizione,data,note) VALUES('123' ,'0', '86','2','24', 'SALA1','2013-11-27', 'progetto vmware');
INSERT INTO OPERAZIONI(id_operazioni,direzione,id_registro,id_merce,quantita,posizione,data,note) VALUES('124' ,'0', '87','47', '12', 'SALA1','2013-11-27', 'progetto vmware');
INSERT INTO OPERAZIONI(id_operazioni,direzione,id_registro,id_merce,quantita,posizione,data,note) VALUES('125' ,'0', '88','54', '20', 'SALA1','2013-10-08', NULL);
INSERT INTO OPERAZIONI(id_operazioni,direzione,id_registro,id_merce,quantita,posizione,data,note) VALUES('126' ,'0', '89','46', '54', 'SALA1','2013-10-08', 'progetto postel');
INSERT INTO OPERAZIONI(id_operazioni,direzione,id_registro,id_merce,quantita,posizione,data,note) VALUES('127' ,'0', '90','2','4','SALA1','2013-09-27', 'kobi gheriani');
INSERT INTO OPERAZIONI(id_operazioni,direzione,id_registro,id_merce,quantita,posizione,data,note) VALUES('128' ,'0', '91','46', '60', 'SALA1','2013-09-26', 'cablaggio isola 6 7');
INSERT INTO OPERAZIONI(id_operazioni,direzione,id_registro,id_merce,quantita,posizione,data,note) VALUES('129' ,'0', '92','17', '1','RITIRO', '2013-08-27', 'restituzione');
INSERT INTO OPERAZIONI(id_operazioni,direzione,id_registro,id_merce,quantita,posizione,data,note) VALUES('130' ,'0', '93','54', '50', 'SALA1','2013-09-12', 'rete cert');
INSERT INTO OPERAZIONI(id_operazioni,direzione,id_registro,id_merce,quantita,posizione,data,note) VALUES('131' ,'0', '94','54', '30', 'SALA1','2013-09-09', 'rete cert');
INSERT INTO OPERAZIONI(id_operazioni,direzione,id_registro,id_merce,quantita,posizione,data,note) VALUES('132' ,'0', '95','54', '60', 'SALA1','2013-09-09', 'moving dr postel');
INSERT INTO OPERAZIONI(id_operazioni,direzione,id_registro,id_merce,quantita,posizione,data,note) VALUES('133' ,'0', '96','54', '10', 'SALA1','2013-08-24', 'progetto sl8500. ref. Florio');
INSERT INTO OPERAZIONI(id_operazioni,direzione,id_registro,id_merce,quantita,posizione,data,note) VALUES('134' ,'0', '97','54', '10', 'SALA1','2013-08-23', 'progetto sl8500. ref. Florio');
INSERT INTO OPERAZIONI(id_operazioni,direzione,id_registro,id_merce,quantita,posizione,data,note) VALUES('135' ,'0', '98','57', '2','SALA1','2013-08-23', 'progetto sl8500. ref. Florio');
INSERT INTO OPERAZIONI(id_operazioni,direzione,id_registro,id_merce,quantita,posizione,data,note) VALUES('136' ,'0', '99','54', '2','SALA1','2013-08-23', 'ref. gennarelli');
INSERT INTO OPERAZIONI(id_operazioni,direzione,id_registro,id_merce,quantita,posizione,data,note) VALUES('137' ,'0', '100', '46', '100','SALA1','2013-08-19', 'ref. del piano');
INSERT INTO OPERAZIONI(id_operazioni,direzione,id_registro,id_merce,quantita,posizione,data,note) VALUES('138' ,'0', '101', '46', '16', 'SALA1','2013-08-19', 'progetto storagetek sl8500');
INSERT INTO OPERAZIONI(id_operazioni,direzione,id_registro,id_merce,quantita,posizione,data,note) VALUES('139' ,'0', '102', '46', '24', 'SALA1','2013-08-19', 'progetto oracle storagetek sl8500. ref gennarelli');
INSERT INTO OPERAZIONI(id_operazioni,direzione,id_registro,id_merce,quantita,posizione,data,note) VALUES('140' ,'0', '103', '46', '260','SALA1','2013-08-09', 'completamento isole 1,2,3,6,7 referente Gennarelli');
INSERT INTO OPERAZIONI(id_operazioni,direzione,id_registro,id_merce,quantita,posizione,data,note) VALUES('141' ,'0', '104', '54', '16', 'SALA1','2013-08-06', 'progetto cablaggio library. manet(jayme) ref. Gennarelli');
INSERT INTO OPERAZIONI(id_operazioni,direzione,id_registro,id_merce,quantita,posizione,data,note) VALUES('142' ,'0', '105', '49', '15', 'SALA1','2013-08-06', 'progetto cablaggio library. manet(jayme) ref. Gennarelli');
INSERT INTO OPERAZIONI(id_operazioni,direzione,id_registro,id_merce,quantita,posizione,data,note) VALUES('143' ,'0', '106', '46', '100','SALA1','2013-08-06', 'progetto cablaggio library. manet(jayme) ref. Gennarelli');
INSERT INTO OPERAZIONI(id_operazioni,direzione,id_registro,id_merce,quantita,posizione,data,note) VALUES('144' ,'0', '107', '54', '50', 'SALA1','2013-04-13', 'moving rma 13-04-2013. ref. Gennarelli');
INSERT INTO OPERAZIONI(id_operazioni,direzione,id_registro,id_merce,quantita,posizione,data,note) VALUES('145' ,'1', '15','12', '16','P10','2013-12-12', 'progetto vmware fase 3');
INSERT INTO OPERAZIONI(id_operazioni,direzione,id_registro,id_merce,quantita,posizione,data,note) VALUES('146' ,'0', '15','12', '16','SALA1','2013-12-12', 'progetto vmware fase 3');
INSERT INTO OPERAZIONI(id_operazioni,direzione,id_registro,id_merce,quantita,posizione,data,note) VALUES('147' ,'0', '112', '54', '20', 'SALA1','2014-01-24', 'progetto full mvno. referente Florio');
INSERT INTO OPERAZIONI(id_operazioni,direzione,id_registro,id_merce,quantita,posizione,data,note) VALUES('148' ,'0', '113', '6','2','SALA1','2014-02-04', 'progetto site cert 103943 + full mvno. referente petrone, consegnato da manzo');
INSERT INTO OPERAZIONI(id_operazioni,direzione,id_registro,id_merce,quantita,posizione,data,note) VALUES('149' ,'0', '114', '5','5','SALA1','2014-02-04', 'progetto site cert 103943 + full mvno. referente petrone, consegnato da manzo');
INSERT INTO OPERAZIONI(id_operazioni,direzione,id_registro,id_merce,quantita,posizione,data,note) VALUES('150' ,'0', '115', '2','9','SALA1','2012-12-07', 'progetto ds8800 isola storage');
INSERT INTO OPERAZIONI(id_operazioni,direzione,id_registro,id_merce,quantita,posizione,data,note) VALUES('151' ,'0', '117', '10', '9','SALA1','2013-11-19', NULL);
INSERT INTO OPERAZIONI(id_operazioni,direzione,id_registro,id_merce,quantita,posizione,data,note) VALUES('152' ,'0', '118', '10', '16', 'SALA1','2013-06-27', NULL);
INSERT INTO OPERAZIONI(id_operazioni,direzione,id_registro,id_merce,quantita,posizione,data,note) VALUES('153' ,'0', '119', '5','63', 'SALA1','2013-11-18', 'VMWARE FASE 2');
INSERT INTO OPERAZIONI(id_operazioni,direzione,id_registro,id_merce,quantita,posizione,data,note) VALUES('154' ,'0', '120', '5','28', 'SALA1','2013-12-03', 'MOVING RETE CERT');
INSERT INTO OPERAZIONI(id_operazioni,direzione,id_registro,id_merce,quantita,posizione,data,note) VALUES('155' ,'0', '121', '54', '4','SALA1','2013-08-29', 'VMAX ISOLA STORAGE');
INSERT INTO OPERAZIONI(id_operazioni,direzione,id_registro,id_merce,quantita,posizione,data,note) VALUES('156' ,'0', '122', '2','4','SALA1','2013-08-29', 'VMAX ISOLA STORAGE');
INSERT INTO OPERAZIONI(id_operazioni,direzione,id_registro,id_merce,quantita,posizione,data,note) VALUES('157' ,'0', '123', '5','32', 'SALA1','2013-12-12', 'VMWARE FASE 3');
INSERT INTO OPERAZIONI(id_operazioni,direzione,id_registro,id_merce,quantita,posizione,data,note) VALUES('158' ,'0', '124', '2','40', 'SALA1','2013-07-10', 'ESPANSIONE DS8800');
INSERT INTO OPERAZIONI(id_operazioni,direzione,id_registro,id_merce,quantita,posizione,data,note) VALUES('159' ,'0', '125', '46', '32', 'SALA1','2013-07-10', 'ESPANSIONE DS8800');
INSERT INTO OPERAZIONI(id_operazioni,direzione,id_registro,id_merce,quantita,posizione,data,note) VALUES('160' ,'0', '126', '6','4','SALA1','2013-07-10', 'ESPANSIONE DS8800');
INSERT INTO OPERAZIONI(id_operazioni,direzione,id_registro,id_merce,quantita,posizione,data,note) VALUES('161' ,'0', '129', '61', '16', 'CarrierB', '2014-02-06', 'attivita di censimento rack da pt40699921 a pt40699936');
INSERT INTO OPERAZIONI(id_operazioni,direzione,id_registro,id_merce,quantita,posizione,data,note) VALUES('162' ,'0', '130', '61', '18', 'TLCA', '2014-02-06', 'attivita di censimento rack da pt40699511 a pt40699520, da pt40699895 a pt40699902');
INSERT INTO OPERAZIONI(id_operazioni,direzione,id_registro,id_merce,quantita,posizione,data,note) VALUES('163' ,'0', '131', '61', '18', 'TLCB', '2014-02-06', 'attivita di censimento rack da pt40699903 a pt40699920');
INSERT INTO OPERAZIONI(id_operazioni,direzione,id_registro,id_merce,quantita,posizione,data,note) VALUES('164' ,'0', '132', '7','29', 'SALA1','2012-12-20', NULL);
INSERT INTO OPERAZIONI(id_operazioni,direzione,id_registro,id_merce,quantita,posizione,data,note) VALUES('165' ,'0', '133', '58', '41', 'SALA1','2013-08-14', NULL);
INSERT INTO OPERAZIONI(id_operazioni,direzione,id_registro,id_merce,quantita,posizione,data,note) VALUES('166' ,'0', '134', '33', '17', 'SALA1','2013-04-12', NULL);
INSERT INTO OPERAZIONI(id_operazioni,direzione,id_registro,id_merce,quantita,posizione,data,note) VALUES('167' ,'0', '135', '1','6','SALA1','2013-12-11', NULL);
INSERT INTO OPERAZIONI(id_operazioni,direzione,id_registro,id_merce,quantita,posizione,data,note) VALUES('168' ,'0', '136', '12', '8','SALA1','2013-12-12', NULL);
INSERT INTO OPERAZIONI(id_operazioni,direzione,id_registro,id_merce,quantita,posizione,data,note) VALUES('169' ,'0', '137', '12', '8','SALA1','2013-12-12', NULL);
INSERT INTO OPERAZIONI(id_operazioni,direzione,id_registro,id_merce,quantita,posizione,data,note) VALUES('170' ,'0', '138', '12', '24', 'SALA1','2013-11-19', NULL);
INSERT INTO OPERAZIONI(id_operazioni,direzione,id_registro,id_merce,quantita,posizione,data,note) VALUES('171' ,'1', '139', '64', '1','P10','2014-03-03', '3 RACK.VB320-5700');
INSERT INTO OPERAZIONI(id_operazioni,direzione,id_registro,id_merce,quantita,posizione,data,note) VALUES('172' ,'0', '140', '64', '1','SALA1-ISOLA6', '2014-03-03', NULL);
INSERT INTO OPERAZIONI(id_operazioni,direzione,id_registro,id_merce,quantita,posizione,data,note) VALUES('173' ,'0', '141', '61', '100','SALA1','2013-04-23', 'scarico pt number precedenti');
INSERT INTO OPERAZIONI(id_operazioni,direzione,id_registro,id_merce,quantita,posizione,data,note) VALUES('174' ,'0', '142', '44', '8','SALA1','2013-07-08', 'scarico complessivo per allineamento merce');
INSERT INTO OPERAZIONI(id_operazioni,direzione,id_registro,id_merce,quantita,posizione,data,note) VALUES('175' ,'0', '143', '45', '8','SALA1','2013-07-08', 'scarico complessivo per allineamento merce');
INSERT INTO OPERAZIONI(id_operazioni,direzione,id_registro,id_merce,quantita,posizione,data,note) VALUES('176' ,'0', '144', '12', '46', 'SALA1','2013-07-29', 'scarico complessivo per allineamento merce');
INSERT INTO OPERAZIONI(id_operazioni,direzione,id_registro,id_merce,quantita,posizione,data,note) VALUES('177' ,'0', '145', '28', '16', 'SALA1','2013-10-24', NULL);
INSERT INTO OPERAZIONI(id_operazioni,direzione,id_registro,id_merce,quantita,posizione,data,note) VALUES('178' ,'0', '146', '23', '4','SALA1','2013-07-26', NULL);
INSERT INTO OPERAZIONI(id_operazioni,direzione,id_registro,id_merce,quantita,posizione,data,note) VALUES('179' ,'0', '147', '42', '1','SALA1','2013-07-26', NULL);
INSERT INTO OPERAZIONI(id_operazioni,direzione,id_registro,id_merce,quantita,posizione,data,note) VALUES('180' ,'0', '148', '60', '14', 'UFFICI', '2013-05-22', NULL);
INSERT INTO OPERAZIONI(id_operazioni,direzione,id_registro,id_merce,quantita,posizione,data,note) VALUES('181' ,'0', '149', '30', '2','SALA1','2013-12-23', NULL);
INSERT INTO OPERAZIONI(id_operazioni,direzione,id_registro,id_merce,quantita,posizione,data,note) VALUES('182' ,'0', '150', '31', '2','SALA1','2013-12-20', NULL);
INSERT INTO OPERAZIONI(id_operazioni,direzione,id_registro,id_merce,quantita,posizione,data,note) VALUES('183' ,'0', '151', '18', '2','SALA1','2013-08-29', NULL);
INSERT INTO OPERAZIONI(id_operazioni,direzione,id_registro,id_merce,quantita,posizione,data,note) VALUES('184' ,'0', '152', '34', '2','SALA1','2013-04-12', NULL);
INSERT INTO OPERAZIONI(id_operazioni,direzione,id_registro,id_merce,quantita,posizione,data,note) VALUES('185' ,'0', '153', '8','2','SALA1','2013-06-27', NULL);
INSERT INTO OPERAZIONI(id_operazioni,direzione,id_registro,id_merce,quantita,posizione,data,note) VALUES('186' ,'0', '154', '8','2','SALA1','2013-11-19', NULL);
INSERT INTO OPERAZIONI(id_operazioni,direzione,id_registro,id_merce,quantita,posizione,data,note) VALUES('190' ,'0', '158', '36', '2','SALA1','2013-04-12', NULL);
INSERT INTO OPERAZIONI(id_operazioni,direzione,id_registro,id_merce,quantita,posizione,data,note) VALUES('191' ,'0', '159', '29', '2','SALA1','2013-10-23', NULL);
INSERT INTO OPERAZIONI(id_operazioni,direzione,id_registro,id_merce,quantita,posizione,data,note) VALUES('192' ,'0', '160', '21', '8','SALA1','2013-08-29', NULL);
INSERT INTO OPERAZIONI(id_operazioni,direzione,id_registro,id_merce,quantita,posizione,data,note) VALUES('193' ,'0', '161', '20', '1','SALA1','2013-08-29', NULL);
INSERT INTO OPERAZIONI(id_operazioni,direzione,id_registro,id_merce,quantita,posizione,data,note) VALUES('194' ,'0', '162', '43', '1','SALA1-ISOLA_STORAGE', '2013-01-03', NULL);
INSERT INTO OPERAZIONI(id_operazioni,direzione,id_registro,id_merce,quantita,posizione,data,note) VALUES('195' ,'0', '163', '62', '1','SALA1-ISOLA_STORAGE', '2013-07-08', NULL);
INSERT INTO OPERAZIONI(id_operazioni,direzione,id_registro,id_merce,quantita,posizione,data,note) VALUES('196' ,'0', '164', '22', '1','SALA1','2013-09-23', NULL);
INSERT INTO OPERAZIONI(id_operazioni,direzione,id_registro,id_merce,quantita,posizione,data,note) VALUES('197' ,'0', '165', '25', '1','INGRESSO', '2013-10-04', NULL);
INSERT INTO OPERAZIONI(id_operazioni,direzione,id_registro,id_merce,quantita,posizione,data,note) VALUES('198' ,'0', '166', '24', '1','INGRESSO', '2013-10-04', NULL);
INSERT INTO OPERAZIONI(id_operazioni,direzione,id_registro,id_merce,quantita,posizione,data,note) VALUES('199' ,'0', '167', '35', '2','SALA1','2013-04-12', NULL);
INSERT INTO OPERAZIONI(id_operazioni,direzione,id_registro,id_merce,quantita,posizione,data,note) VALUES('200' ,'0', '168', '9','2','SALA1-ISOLA5', '2013-06-27', NULL);
INSERT INTO OPERAZIONI(id_operazioni,direzione,id_registro,id_merce,quantita,posizione,data,note) VALUES('201' ,'0', '169', '9','2','SALA1-ISOLA5', '2013-11-19', NULL);
INSERT INTO OPERAZIONI(id_operazioni,direzione,id_registro,id_merce,quantita,posizione,data,note) VALUES('202' ,'0', '170', '26', '2','SALA1','2013-10-08', NULL);
INSERT INTO OPERAZIONI(id_operazioni,direzione,id_registro,id_merce,quantita,posizione,data,note) VALUES('203' ,'0', '171', '16', '1','SALA1','2013-08-16', NULL);
INSERT INTO OPERAZIONI(id_operazioni,direzione,id_registro,id_merce,quantita,posizione,data,note) VALUES('204' ,'0', '172', '27', '8','SALA1','2013-10-24', NULL);
INSERT INTO OPERAZIONI(id_operazioni,direzione,id_registro,id_merce,quantita,posizione,data,note) VALUES('205' ,'0', '173', '32', '1','SALA1','2013-10-24', NULL);
INSERT INTO OPERAZIONI(id_operazioni,direzione,id_registro,id_merce,quantita,posizione,data,note) VALUES('206' ,'0', '174', '11', '5','SALA1-ISOLA5', '2013-12-19', 'scarico complessivo per allineamento merce');
INSERT INTO OPERAZIONI(id_operazioni,direzione,id_registro,id_merce,quantita,posizione,data,note) VALUES('207' ,'1', '175', '61', '13', 'UFFICIO3', '2014-03-11', 'consegna pt number da del piano in occasione della tracciatura del proiettore');
INSERT INTO OPERAZIONI(id_operazioni,direzione,id_registro,id_merce,quantita,posizione,data,note) VALUES('208' ,'0', '176', '61', '1','UFFICI', '2014-03-11', 'scaricato 1 pt number per censimento proiettore');
INSERT INTO OPERAZIONI(id_operazioni,direzione,id_registro,id_merce,quantita,posizione,data,note) VALUES('209' ,'0', '177', '54', '24', 'SALA1','2014-03-11', NULL);
INSERT INTO OPERAZIONI(id_operazioni,direzione,id_registro,id_merce,quantita,posizione,data,note) VALUES('210' ,'1', '178', '65', '80', 'Z1L08','2013-10-07', 'CONSEGNA A MANO');
INSERT INTO OPERAZIONI(id_operazioni,direzione,id_registro,id_merce,quantita,posizione,data,note) VALUES('211' ,'0', '179', '57', '37', 'SALA1','2013-04-12', 'MOVING RMA');
INSERT INTO OPERAZIONI(id_operazioni,direzione,id_registro,id_merce,quantita,posizione,data,note) VALUES('212' ,'1', '38','66', '32', 'P06','2013-06-25', NULL);
INSERT INTO OPERAZIONI(id_operazioni,direzione,id_registro,id_merce,quantita,posizione,data,note) VALUES('213' ,'1', '38','67', '16', 'P06','2013-06-25', NULL);
INSERT INTO OPERAZIONI(id_operazioni,direzione,id_registro,id_merce,quantita,posizione,data,note) VALUES('214' ,'1', '40','66', '48', 'P06','2013-06-25', NULL);
INSERT INTO OPERAZIONI(id_operazioni,direzione,id_registro,id_merce,quantita,posizione,data,note) VALUES('215' ,'1', '40','66', '160','P06','2013-06-25', NULL);
INSERT INTO OPERAZIONI(id_operazioni,direzione,id_registro,id_merce,quantita,posizione,data,note) VALUES('216' ,'1', '40','67', '12', 'P06','2013-06-25', NULL);
INSERT INTO OPERAZIONI(id_operazioni,direzione,id_registro,id_merce,quantita,posizione,data,note) VALUES('217' ,'1', '40','68', '6','P06','2013-06-25', NULL);
INSERT INTO OPERAZIONI(id_operazioni,direzione,id_registro,id_merce,quantita,posizione,data,note) VALUES('218' ,'0', '180', '54', '144','SALA1-ISOLA5', '2012-12-20', 'montaggio VMWARE');
INSERT INTO OPERAZIONI(id_operazioni,direzione,id_registro,id_merce,quantita,posizione,data,note) VALUES('219' ,'0', '181', '47', '36', 'SALA1-ISOLA5', '2012-12-20', 'montaggio VMWARE');
INSERT INTO OPERAZIONI(id_operazioni,direzione,id_registro,id_merce,quantita,posizione,data,note) VALUES('220' ,'0', '182', '48', '4','SALA1-ISOLA5', '2014-03-20', 'FULL MVNO');
INSERT INTO OPERAZIONI(id_operazioni,direzione,id_registro,id_merce,quantita,posizione,data,note) VALUES('221' ,'1', '183', '69', '5','A1L12','2013-01-07', 'ORD.120507 19/12/2012');
INSERT INTO OPERAZIONI(id_operazioni,direzione,id_registro,id_merce,quantita,posizione,data,note) VALUES('222' ,'1', '183', '70', '5','A1L12','2013-01-07', 'ORD.120507 DEL 19/12/2013');
INSERT INTO OPERAZIONI(id_operazioni,direzione,id_registro,id_merce,quantita,posizione,data,note) VALUES('223' ,'1', '183', '19', '16', 'A1L13','2013-01-07', 'ORD.120507 DEL 19/12/2013');
INSERT INTO OPERAZIONI(id_operazioni,direzione,id_registro,id_merce,quantita,posizione,data,note) VALUES('224' ,'1', '183', '71', '4','B1L11','2013-01-07', 'ORD.120507 DEL 19/12/2013');
INSERT INTO OPERAZIONI(id_operazioni,direzione,id_registro,id_merce,quantita,posizione,data,note) VALUES('225' ,'1', '183', '41', '12', 'A2L09','2013-01-07', 'ORD.120507 DEL 19/12/2013');
INSERT INTO OPERAZIONI(id_operazioni,direzione,id_registro,id_merce,quantita,posizione,data,note) VALUES('226' ,'0', '184', '70', '1','SALA1-ISOLA5', '2014-03-20', 'FULL MVNO');
INSERT INTO OPERAZIONI(id_operazioni,direzione,id_registro,id_merce,quantita,posizione,data,note) VALUES('227' ,'0', '185', '69', '5','SALA1-ISOLA5', '2014-03-20', 'FULL MVNO');
INSERT INTO OPERAZIONI(id_operazioni,direzione,id_registro,id_merce,quantita,posizione,data,note) VALUES('228' ,'0', '186', '48', '4','SALA1-ISOLA5', '2014-03-20', 'FULL MVNO');
INSERT INTO OPERAZIONI(id_operazioni,direzione,id_registro,id_merce,quantita,posizione,data,note) VALUES('229' ,'0', '187', '2','16', 'SALA1-ISOLA5', '2014-02-25', 'VBLOCK REF.FACILITY');
INSERT INTO OPERAZIONI(id_operazioni,direzione,id_registro,id_merce,quantita,posizione,data,note) VALUES('230' ,'0', '188', '2','32', 'SALA1','2013-01-03', 'PROG.DS8800');
INSERT INTO OPERAZIONI(id_operazioni,direzione,id_registro,id_merce,quantita,posizione,data,note) VALUES('231' ,'0', '189', '54', '3','SALA1','2013-01-03', 'PROG.DS8800');
INSERT INTO OPERAZIONI(id_operazioni,direzione,id_registro,id_merce,quantita,posizione,data,note) VALUES('232' ,'1', '190', '72', '2','P17','2014-02-11', 'server HP progetto full mvno isola7');
INSERT INTO OPERAZIONI(id_operazioni,direzione,id_registro,id_merce,quantita,posizione,data,note) VALUES('233' ,'1', '192', '73', '1','P17','2014-02-11', 'server HP progetto full mvno isola7');
INSERT INTO OPERAZIONI(id_operazioni,direzione,id_registro,id_merce,quantita,posizione,data,note) VALUES('234' ,'1', '194', '72', '1','P17','2014-02-10', 'server HP progetto full mvno isola7');
INSERT INTO OPERAZIONI(id_operazioni,direzione,id_registro,id_merce,quantita,posizione,data,note) VALUES('235' ,'1', '195', '74', '1','P17','2014-02-03', 'Server IRCE Progetto CERT 103943');
INSERT INTO OPERAZIONI(id_operazioni,direzione,id_registro,id_merce,quantita,posizione,data,note) VALUES('236' ,'1', '196', '75', '2','P17','2014-02-13', 'distribution power progetto full mvno isola7');
INSERT INTO OPERAZIONI(id_operazioni,direzione,id_registro,id_merce,quantita,posizione,data,note) VALUES('237' ,'0', '198', '52', '2','SALA1-ISOLA2','2014-04-08', 'TAPE LIBRARY');
INSERT INTO OPERAZIONI(id_operazioni,direzione,id_registro,id_merce,quantita,posizione,data,note) VALUES('238' ,'1', '199', '2','2','A2L05','2014-04-08', 'TAPE LIBRARY SCAMBIO FIBRE');
INSERT INTO OPERAZIONI(id_operazioni,direzione,id_registro,id_merce,quantita,posizione,data,note) VALUES('239' ,'1', '200', '49', '50', 'A1L11','2013-07-05', 'ritirate a mano da Lorusso a Milano');
INSERT INTO OPERAZIONI(id_operazioni,direzione,id_registro,id_merce,quantita,posizione,data,note) VALUES('240' ,'1', '200', '19', '20', 'A2L14','2013-07-05', 'ritirate a mano da Lorusso a Milano');
INSERT INTO OPERAZIONI(id_operazioni,direzione,id_registro,id_merce,quantita,posizione,data,note) VALUES('241' ,'1', '201', '78', '41', 'B2L05','2014-05-22', 'Materiale Fase 2');
INSERT INTO OPERAZIONI(id_operazioni,direzione,id_registro,id_merce,quantita,posizione,data,note) VALUES('242' ,'1', '202', '79', '40', 'B2L05','2014-05-22', 'Materiale Fase 2');
INSERT INTO OPERAZIONI(id_operazioni,direzione,id_registro,id_merce,quantita,posizione,data,note) VALUES('243' ,'1', '202', '80', '40', 'B2L05','2014-05-22', 'Materiale Fase 2');
INSERT INTO OPERAZIONI(id_operazioni,direzione,id_registro,id_merce,quantita,posizione,data,note) VALUES('244' ,'1', '202', '81', '40', 'B2L05','2014-05-22', 'Materiale Fase 2');
INSERT INTO OPERAZIONI(id_operazioni,direzione,id_registro,id_merce,quantita,posizione,data,note) VALUES('245' ,'1', '202', '82', '39', 'B2L05','2014-05-22', 'Materiale Fase 2');
INSERT INTO OPERAZIONI(id_operazioni,direzione,id_registro,id_merce,quantita,posizione,data,note) VALUES('246' ,'1', '202', '83', '1','B2L04','2014-05-22', 'Materiale Fase 2');
INSERT INTO OPERAZIONI(id_operazioni,direzione,id_registro,id_merce,quantita,posizione,data,note) VALUES('247' ,'1', '204', '84', '2','P05','2014-05-19', NULL);
INSERT INTO OPERAZIONI(id_operazioni,direzione,id_registro,id_merce,quantita,posizione,data,note) VALUES('248' ,'1', '204', '85', '2','P05','2014-05-19', NULL);

-- utente Sistema && fix_utente_op
CALL input_utenti('Recupero DB',@id_dbrecover);
UPDATE OPERAZIONI SET id_utenti=@id_dbrecover WHERE id_utenti='-1';

-- ORDINI
TRUNCATE TABLE ORDINI;
CALL input_ordini('1', '2','DHL Express');
CALL input_ordini('2', '2','DHL Express');
CALL input_ordini('3', '2','DHL Express');
CALL input_ordini('4', '2','DHL Express');
CALL input_ordini('5', '4','Computer Gross Italia S.p.A.');
CALL input_ordini('6', '4','Computer Gross Italia S.p.A.');
CALL input_ordini('7', '7','Computer Gross Italia S.p.A.');
CALL input_ordini('8', '7','Computer Gross Italia S.p.A.');
CALL input_ordini('9', '7','Computer Gross Italia S.p.A.');
CALL input_ordini('14','4','Computer Gross Italia S.p.A.');
CALL input_ordini('15','13', 'D&T Delli TecnoTrans S.r.l.');
CALL input_ordini('16','13', 'D&T Delli TecnoTrans S.r.l.');
CALL input_ordini('17',NULL, 'Nouwens Transport Breda');
CALL input_ordini('18','16', 'Gebrueder Weiss GmbH Transport und Logistik');
CALL input_ordini('19','16', 'Gebrueder Weiss GmbH Transport und Logistik');
CALL input_ordini('20',NULL, 'MITSafetrans S.r.l.');
CALL input_ordini('21',NULL, 'MITSafetrans S.r.l.');
CALL input_ordini('22',NULL, 'MITSafetrans S.r.l.');
CALL input_ordini('23',NULL, 'MITSafetrans S.r.l.');
CALL input_ordini('24',NULL, 'MITSafetrans S.r.l.');
CALL input_ordini('25',NULL, 'DHL Express');
CALL input_ordini('26',NULL, 'Safe Watcher S.r.l.');
CALL input_ordini('27',NULL, 'Safe Watcher S.r.l.');
CALL input_ordini('28',NULL, 'Safe Watcher S.r.l.');
CALL input_ordini('29',NULL, 'Safe Watcher S.r.l.');
CALL input_ordini('30',NULL, 'Safe Watcher S.r.l.');
CALL input_ordini('31',NULL, 'Safe Watcher S.r.l.');
CALL input_ordini('32','28', 'Sioli & Fontana S.r.l.');
CALL input_ordini('33','28', 'Sioli & Fontana S.r.l.');
CALL input_ordini('34',NULL, 'Computer Gross Italia S.p.A.');
CALL input_ordini('35',NULL, 'Safe Watcher S.r.l.');
CALL input_ordini('36',NULL, 'Safe Watcher S.r.l.');
CALL input_ordini('37',NULL, 'Tecnotrans S.r.l.');
CALL input_ordini('38',NULL, 'Carugati Luigi S.r.l.');
CALL input_ordini('39',NULL, 'Carugati Luigi S.r.l.');
CALL input_ordini('40','35', 'SDA Express Courier');
CALL input_ordini('41',NULL, 'Tecnotrans S.r.l.');
CALL input_ordini('42',NULL, 'Tecnotrans S.r.l.');
CALL input_ordini('43',NULL, 'Tecnotrans S.r.l.');
CALL input_ordini('44',NULL, 'Tecnotrans S.r.l.');
CALL input_ordini('46','39', 'Tecnotrans S.r.l.');
CALL input_ordini('47','39', 'Tecnotrans S.r.l.');
CALL input_ordini('48','42', 'Rhenus Logistics');
CALL input_ordini('51','45', 'Safe Watcher S.r.l.');
CALL input_ordini('52','45', 'Safe Watcher S.r.l.');
CALL input_ordini('53','45', 'Safe Watcher S.r.l.');
CALL input_ordini('54','45', 'Safe Watcher S.r.l.');
CALL input_ordini('65',NULL, 'EXECUTIVE');
CALL input_ordini('66',NULL, 'EXECUTIVE');
CALL input_ordini('67',NULL, 'EXECUTIVE');
CALL input_ordini('68',NULL, 'EXECUTIVE');
CALL input_ordini('69',NULL, 'EXECUTIVE');
CALL input_ordini('70',NULL, 'EXECUTIVE');
CALL input_ordini('71',NULL, 'EXECUTIVE');
CALL input_ordini('72',NULL, 'EXECUTIVE');
CALL input_ordini('74',NULL, 'EXECUTIVE');
CALL input_ordini('75',NULL, 'EXECUTIVE');
CALL input_ordini('76',NULL, 'EXECUTIVE');
CALL input_ordini('77',NULL, 'EXECUTIVE');
CALL input_ordini('78',NULL, 'EXECUTIVE');
CALL input_ordini('79',NULL, 'EXECUTIVE');
CALL input_ordini('80',NULL, 'EXECUTIVE');
CALL input_ordini('86',NULL, 'ICT Logistica S.p.A.');
CALL input_ordini('87',NULL, 'EXECUTIVE');
CALL input_ordini('88',NULL, 'EXECUTIVE');
CALL input_ordini('89',NULL, 'EXECUTIVE');
CALL input_ordini('90',NULL, 'EXECUTIVE');
CALL input_ordini('91',NULL, 'EXECUTIVE');
CALL input_ordini('92',NULL, 'EXECUTIVE');
CALL input_ordini('93',NULL, 'EXECUTIVE');
CALL input_ordini('96','63', 'TRADIS di Giuseppe Pullella');
CALL input_ordini('97','63', 'TRADIS di Giuseppe Pullella');
CALL input_ordini('98','63', 'TRADIS di Giuseppe Pullella');
CALL input_ordini('99','65', 'Safe Watcher S.r.l.');
CALL input_ordini('100', '65', 'Safe Watcher S.r.l.');
CALL input_ordini('101', NULL, 'Safe Watcher S.r.l.');
CALL input_ordini('102', NULL, 'Safe Watcher S.r.l.');
CALL input_ordini('103', NULL, 'Safe Watcher S.r.l.');
CALL input_ordini('104', NULL, 'Safe Watcher S.r.l.');
CALL input_ordini('145', '16', 'Gebrueder Weiss GmbH Transport und Logistik');
CALL input_ordini('171', NULL, 'Tecnotrans S.r.l.');
CALL input_ordini('212', NULL, 'CEVA LOGISTIC ITALIA SRL');
CALL input_ordini('213', NULL, 'CEVA LOGISTIC ITALIA SRL');
CALL input_ordini('214', NULL, 'CEVA LOGISTIC ITALIA SRL');
CALL input_ordini('215', NULL, 'CEVA LOGISTIC ITALIA SRL');
CALL input_ordini('216', NULL, 'CEVA LOGISTIC ITALIA SRL');
CALL input_ordini('217', NULL, 'CEVA LOGISTIC ITALIA SRL');
CALL input_ordini('221', NULL, 'G.F.O. Europe S.r.l.');
CALL input_ordini('222', NULL, 'G.F.O. Europe S.r.l.');
CALL input_ordini('223', NULL, 'G.F.O. Europe S.r.l.');
CALL input_ordini('224', NULL, 'G.F.O. Europe S.r.l.');
CALL input_ordini('225', NULL, 'G.F.O. Europe S.r.l.');
CALL input_ordini('235', NULL, 'BRT SPA');
CALL input_ordini('236', '197','Tecnotrans S.r.l.');
CALL input_ordini('247', NULL, 'Tecnotrans S.r.l.');
CALL input_ordini('248', NULL, 'Tecnotrans S.r.l.');

-- MAGAZZINO
TRUNCATE TABLE MAGAZZINO;
INSERT INTO MAGAZZINO(id_merce, posizione, quantita) VALUES ('1','P10','0');
INSERT INTO MAGAZZINO(id_merce, posizione, quantita) VALUES ('2','A2L05','2');
INSERT INTO MAGAZZINO(id_merce, posizione, quantita) VALUES ('3','P01','33');
INSERT INTO MAGAZZINO(id_merce, posizione, quantita) VALUES ('4','P01','33');
INSERT INTO MAGAZZINO(id_merce, posizione, quantita) VALUES ('5','B1L04','54');
INSERT INTO MAGAZZINO(id_merce, posizione, quantita) VALUES ('6','A2L04','132');
INSERT INTO MAGAZZINO(id_merce, posizione, quantita) VALUES ('7','P10','0');
INSERT INTO MAGAZZINO(id_merce, posizione, quantita) VALUES ('8','P10','0');
INSERT INTO MAGAZZINO(id_merce, posizione, quantita) VALUES ('9','P10','0');
INSERT INTO MAGAZZINO(id_merce, posizione, quantita) VALUES ('10' ,'P10','0');
INSERT INTO MAGAZZINO(id_merce, posizione, quantita) VALUES ('11' ,'P10','0');
INSERT INTO MAGAZZINO(id_merce, posizione, quantita) VALUES ('12' ,'P10','0');
INSERT INTO MAGAZZINO(id_merce, posizione, quantita) VALUES ('13' ,'P10','2');
INSERT INTO MAGAZZINO(id_merce, posizione, quantita) VALUES ('14' ,'B1L03','27');
INSERT INTO MAGAZZINO(id_merce, posizione, quantita) VALUES ('16' ,'P10','0');
INSERT INTO MAGAZZINO(id_merce, posizione, quantita) VALUES ('17' ,'P10','0');
INSERT INTO MAGAZZINO(id_merce, posizione, quantita) VALUES ('18' ,'P10','0');
INSERT INTO MAGAZZINO(id_merce, posizione, quantita) VALUES ('19' ,'A1L13','0');
INSERT INTO MAGAZZINO(id_merce, posizione, quantita) VALUES ('19' ,'A2L13','116');
INSERT INTO MAGAZZINO(id_merce, posizione, quantita) VALUES ('19' ,'A2L14','20');
INSERT INTO MAGAZZINO(id_merce, posizione, quantita) VALUES ('20' ,'P10','0');
INSERT INTO MAGAZZINO(id_merce, posizione, quantita) VALUES ('21' ,'P10','0');
INSERT INTO MAGAZZINO(id_merce, posizione, quantita) VALUES ('22' ,'P10','0');
INSERT INTO MAGAZZINO(id_merce, posizione, quantita) VALUES ('23' ,'P10','0');
INSERT INTO MAGAZZINO(id_merce, posizione, quantita) VALUES ('24' ,'P10','0');
INSERT INTO MAGAZZINO(id_merce, posizione, quantita) VALUES ('25' ,'P10','0');
INSERT INTO MAGAZZINO(id_merce, posizione, quantita) VALUES ('26' ,'P10','0');
INSERT INTO MAGAZZINO(id_merce, posizione, quantita) VALUES ('27' ,'P10','0');
INSERT INTO MAGAZZINO(id_merce, posizione, quantita) VALUES ('28' ,'P10','0');
INSERT INTO MAGAZZINO(id_merce, posizione, quantita) VALUES ('29' ,'P10','0');
INSERT INTO MAGAZZINO(id_merce, posizione, quantita) VALUES ('30' ,'P10','0');
INSERT INTO MAGAZZINO(id_merce, posizione, quantita) VALUES ('31' ,'P10','0');
INSERT INTO MAGAZZINO(id_merce, posizione, quantita) VALUES ('32' ,'P10','0');
INSERT INTO MAGAZZINO(id_merce, posizione, quantita) VALUES ('33' ,'P10','0');
INSERT INTO MAGAZZINO(id_merce, posizione, quantita) VALUES ('34' ,'P10','0');
INSERT INTO MAGAZZINO(id_merce, posizione, quantita) VALUES ('35' ,'P10','0');
INSERT INTO MAGAZZINO(id_merce, posizione, quantita) VALUES ('36' ,'P10','0');
INSERT INTO MAGAZZINO(id_merce, posizione, quantita) VALUES ('38' ,'P10','2');
INSERT INTO MAGAZZINO(id_merce, posizione, quantita) VALUES ('39' ,'P10','18');
INSERT INTO MAGAZZINO(id_merce, posizione, quantita) VALUES ('41' ,'A2L09','0');
INSERT INTO MAGAZZINO(id_merce, posizione, quantita) VALUES ('42' ,'P10','0');
INSERT INTO MAGAZZINO(id_merce, posizione, quantita) VALUES ('43' ,'P10','0');
INSERT INTO MAGAZZINO(id_merce, posizione, quantita) VALUES ('44' ,'P10','0');
INSERT INTO MAGAZZINO(id_merce, posizione, quantita) VALUES ('45' ,'P10','0');
INSERT INTO MAGAZZINO(id_merce, posizione, quantita) VALUES ('46' ,'A1L06','200');
INSERT INTO MAGAZZINO(id_merce, posizione, quantita) VALUES ('46' ,'A1L07','200');
INSERT INTO MAGAZZINO(id_merce, posizione, quantita) VALUES ('46' ,'A1L08','380');
INSERT INTO MAGAZZINO(id_merce, posizione, quantita) VALUES ('46' ,'A2L06','570');
INSERT INTO MAGAZZINO(id_merce, posizione, quantita) VALUES ('46' ,'A2L07','200');
INSERT INTO MAGAZZINO(id_merce, posizione, quantita) VALUES ('46' ,'A2L08','101');
INSERT INTO MAGAZZINO(id_merce, posizione, quantita) VALUES ('47' ,'A2L09','73');
INSERT INTO MAGAZZINO(id_merce, posizione, quantita) VALUES ('48' ,'A2L10','76');
INSERT INTO MAGAZZINO(id_merce, posizione, quantita) VALUES ('49' ,'A1L11','50');
INSERT INTO MAGAZZINO(id_merce, posizione, quantita) VALUES ('50' ,'A2L01','100');
INSERT INTO MAGAZZINO(id_merce, posizione, quantita) VALUES ('51' ,'A1L02','100');
INSERT INTO MAGAZZINO(id_merce, posizione, quantita) VALUES ('52' ,'A2L03','252');
INSERT INTO MAGAZZINO(id_merce, posizione, quantita) VALUES ('53' ,'A2L02','64');
INSERT INTO MAGAZZINO(id_merce, posizione, quantita) VALUES ('54' ,'P01','1280');
INSERT INTO MAGAZZINO(id_merce, posizione, quantita) VALUES ('54' ,'P02','1280');
INSERT INTO MAGAZZINO(id_merce, posizione, quantita) VALUES ('54' ,'P10','1280');
INSERT INTO MAGAZZINO(id_merce, posizione, quantita) VALUES ('54' ,'P11','1186');
INSERT INTO MAGAZZINO(id_merce, posizione, quantita) VALUES ('55' ,'P01','4560');
INSERT INTO MAGAZZINO(id_merce, posizione, quantita) VALUES ('56' ,'P01','4560');
INSERT INTO MAGAZZINO(id_merce, posizione, quantita) VALUES ('57' ,'P01','0');
INSERT INTO MAGAZZINO(id_merce, posizione, quantita) VALUES ('58' ,'P10','0');
INSERT INTO MAGAZZINO(id_merce, posizione, quantita) VALUES ('59' ,'P01','56');
INSERT INTO MAGAZZINO(id_merce, posizione, quantita) VALUES ('60' ,'P10','0');
INSERT INTO MAGAZZINO(id_merce, posizione, quantita) VALUES ('61' ,'UFFICIO3' ,'20');
INSERT INTO MAGAZZINO(id_merce, posizione, quantita) VALUES ('62' ,'P10','0');
INSERT INTO MAGAZZINO(id_merce, posizione, quantita) VALUES ('63' ,'B1L13','16');
INSERT INTO MAGAZZINO(id_merce, posizione, quantita) VALUES ('64' ,'P10','0');
INSERT INTO MAGAZZINO(id_merce, posizione, quantita) VALUES ('65' ,'Z1L08','80');
INSERT INTO MAGAZZINO(id_merce, posizione, quantita) VALUES ('66' ,'P06','240');
INSERT INTO MAGAZZINO(id_merce, posizione, quantita) VALUES ('67' ,'P06','28');
INSERT INTO MAGAZZINO(id_merce, posizione, quantita) VALUES ('68' ,'P06','6');
INSERT INTO MAGAZZINO(id_merce, posizione, quantita) VALUES ('71' ,'B1L11','4');
INSERT INTO MAGAZZINO(id_merce, posizione, quantita) VALUES ('72' ,'P17','3');
INSERT INTO MAGAZZINO(id_merce, posizione, quantita) VALUES ('73' ,'P17','1');
INSERT INTO MAGAZZINO(id_merce, posizione, quantita) VALUES ('74' ,'P17','1');
INSERT INTO MAGAZZINO(id_merce, posizione, quantita) VALUES ('75' ,'P17','2');
INSERT INTO MAGAZZINO(id_merce, posizione, quantita) VALUES ('76' ,'A2L11','39');
INSERT INTO MAGAZZINO(id_merce, posizione, quantita) VALUES ('77' ,'B1L12','12');
INSERT INTO MAGAZZINO(id_merce, posizione, quantita) VALUES ('78' ,'B2L05','41');
INSERT INTO MAGAZZINO(id_merce, posizione, quantita) VALUES ('79' ,'B2L05','40');
INSERT INTO MAGAZZINO(id_merce, posizione, quantita) VALUES ('80' ,'B2L05','40');
INSERT INTO MAGAZZINO(id_merce, posizione, quantita) VALUES ('81' ,'B2L05','40');
INSERT INTO MAGAZZINO(id_merce, posizione, quantita) VALUES ('82' ,'B2L04','10');
INSERT INTO MAGAZZINO(id_merce, posizione, quantita) VALUES ('83' ,'B2L04','1');
INSERT INTO MAGAZZINO(id_merce, posizione, quantita) VALUES ('84' ,'P05','2');
INSERT INTO MAGAZZINO(id_merce, posizione, quantita) VALUES ('85' ,'P05','2');

-- LIFE GOES ON...
CALL CARICO('Sistema','Poste Italiane S.p.a. ROMA','eMail','roma del 04/06/2014','2014-06-04',NULL,'VARI pt_number','200','UFFICIO3','2014-06-09','ricevuti 200 tags rfid e 200 ptnumber (PT40077614-PT40077814) tramite bonomo simone con mail di costantino pandolfi',NULL,NULL);
CALL CARICO('Sistema','Poste Italiane S.p.a. ROMA','eMail','roma del 04/06/2014','2014-06-04',NULL,'VARI TAG_RFID','200','UFFICIO3','2014-06-09','ricevuti 200 tags rfid e 200 ptnumber (PT40077614-PT40077814) tramite bonomo simone con mail di costantino pandolfi',NULL,NULL);
CALL input_registro('Ericsson Telecomunicazioni S.p.A','DDT','50165763',NULL,'2014-02-19','Ericsson_DDT_50165763.pdf',@myvar);
CALL input_registro('Poste Italiane S.p.a.','ODA','4100016351',NULL,'2007-11-15','Poste_ODA_4100016351.pdf',@myvar);
CALL input_registro('Poste Italiane S.p.a. ROMA','eMail','roma del 04/06/2014',NULL,'2014-06-04','email_costantino_04-06-2014.jpg',@myvar);
CALL input_registro('Poste Italiane S.p.a.','ODA','4501184977',NULL,'2013-09-23','ODA_4501184977_DISPLAY.pdf',@myvar);
CALL input_registro('Poste Italiane S.p.a.','ODA','4100110391','192','2012-12-07',NULL,@myvar);
CALL input_registro('Safe Watcher S.r.l.','Lettera_di_vettura','13 - 000099','191','2013-01-04','LDV_safewatcher_13-000099.pdf',@myvar);
CALL input_registro('Fujitsu Technology Solutions S.r.l.','Rapporto_tecnico','2587030','184','2013-01-18','RT_FUJITSU_2587030.pdf',@myvar);
CALL input_registro('Fujitsu Technology Solutions S.r.l.','DDT','189207351',NULL,'2013-07-01','DDT_FUJITSU_189207351.pdf',@myvar);
CALL input_registro('TRADIS di Giuseppe Pullella','DDT','488','217','2013-07-10','DDT_TRADIS_488.pdf',@myvar);
CALL input_registro('Safe Watcher S.r.l.','Lettera_di_vettura','13 - 005646','215','2013-07-08','LDV_safewatcher_13-005646.pdf',@myvar);
CALL CARICO('Sistema','LUPPRIANS','DDT', 'MJ196752', '2014-06-13', 'DDT_LUPPRIANS_MJ196752.pdf', 'APPARATI STORAGE EMC2 G45 RACK AVAMAR','1','P06', '2014-06-17','Progetto Avamar storage EMC2', 'Tecnotrans S.r.l.', NULL);
CALL SCARICO('Sistema','Facility', '87', '1', 'P06', 'SALA1-ISOLA_STORAGE', '2014-06-17', '2014-06-17', 'Progetto EMC2 destinazione vblock isola storage',@myvar);
CALL SCARICO('Sistema','Facility', '14', '6', 'B1L03', 'SALA1-ISOLA_STORAGE', '2014-06-17', '2014-06-17', 'Richiesto da Facility referente Lucati progetto EMC2 destinazione vblock isola storage',@myvar);
CALL SCARICO('Sistema','Postemobile Tec', '72', '3', 'P17', 'SALA1-ISOLA7', '2014-02-11', '2014-02-11', 'progetto full mvno isola7, referente Farina per Postemobile Mobile (tec)',@myvar);
CALL SCARICO('Sistema','Postemobile Tec', '73', '1', 'P17', 'SALA1-ISOLA7', '2014-02-11', '2014-02-11', 'progetto full mvno isola7, referente Farina per Postemobile Mobile (tec)',@myvar);
CALL SCARICO('Sistema','Postemobile Tec', '75', '2', 'P17', 'SALA1-ISOLA7', '2014-02-13', '2014-02-13', 'progetto full mvno isola7, referente Farina per Postemobile Mobile (tec)',@myvar);
CALL input_registro('MITSafetrans S.r.l.','Rapporto_tecnico','PB-11212','218', '2013-07-23', 'RT_SAFETRANS_PB-11212.pdf', @myvar);
CALL input_registro('MITSafetrans S.r.l.','Rapporto_tecnico','PB-11816','219', '2013-07-29', 'RT_SAFETRANS_PB-11816.pdf', @myvar);
CALL input_registro('Mauden S.p.a.', 'Verbale_di_consegna_ed_installazione', 'Mauden riferito ODA4501182589 del 30/05/2013', NULL, NULL, 'VCI_MAUDEN_riferito-ODA4501182589.pdf', @myvar);
CALL input_registro('Mauden S.p.a.', 'Verbale_di_consegna_ed_installazione', 'Mauden riferito ODA4100124026 del 30/05/2013', NULL, NULL, 'VCI_MAUDEN_riferito-ODA4100124026.pdf', @myvar);
CALL input_registro('Sicurezza', 'eMail', 'marchisotti del 5 agosto 2013', NULL, '2013-08-05', 'eMail_TIGSIGITO_marchisotti-del-5agosto13.pdf', @myvar);
CALL CARICO('Sistema','Hewlett Packard International Sarl','DDT', 'GW0F 214073/026/01 C','2014-06-18','DDT_HP_GW0F-214073-026-01-C.pdf','SERVER BLADE HP BL460c 641016-B21 Gen8 10Gb FLB CTO','1','C1L13','2014-06-19','carico in seguito a mail di Lorusso, 4 colli stoccati in magazzino scaffale C1/13','Gebrueder Weiss GmbH Transport und Logistik',NULL);
CALL CARICO('Sistema','EMC Computer Systems Italia S.p.a.','DDT','535','2014-06-18',NULL,'BRETELLA FO-LC-LC-50/125 50M','7','P16','2014-06-23','Materiale per infrastruttura Sun Fase2. LDV N. 14-005116','Safe Watcher S.r.l.',NULL);
CALL CARICO('Sistema','EMC Computer Systems Italia S.p.a.','DDT','535','2014-06-18',NULL,'BRETELLA FO-LC-LC-50/125 1M','15','P16','2014-06-23','Materiale per infrastruttura Sun Fase2. LDV N. 14-005116','Safe Watcher S.r.l.',NULL);
CALL CARICO('Sistema','EMC Computer Systems Italia S.p.a.','DDT','535','2014-06-18',NULL,'BRETELLA FO-LC-LC-50/125 10M','695','P16','2014-06-23','Materiale per infrastruttura Sun Fase2. LDV N. 14-005116','Safe Watcher S.r.l.',NULL);
CALL CARICO('Sistema','EMC Computer Systems Italia S.p.a.','DDT','535','2014-06-18',NULL,'APPARATI CHASSIS SWITCH DCX','6','P16','2014-06-23','Materiale per infrastruttura Sun Fase2. LDV N. 14-005116','Safe Watcher S.r.l.',NULL);
CALL input_registro('EMC Computer Systems Italia S.p.a.','DDT','535',NULL,'2014-06-18','DDT_EMC2_535.jpg',@myvar);
CALL input_registro('Safe Watcher S.r.l.','Lettera_di_vettura','14 - 005116',NULL,'2014-06-18','LDV_safewatcher_14-005116.jpg',@myvar);
CALL input_registro('Safe Watcher S.r.l.','Lettera_di_vettura','14 - 005255',NULL,'2014-06-23','LDV_safewatcher_14-005255.png',@myvar);
CALL CARICO('Sistema','Safe Watcher S.r.l.','Lettera_di_vettura','14 - 005255',NULL,NULL,'APPARATI RACK S2 VMAX POSTEL','1','P08','2014-06-24','attivita per conto di EMC2, spostato in sala il giorno stesso','Safe Watcher S.r.l.',NULL);
CALL SCARICO('Sistema','Facility','90','1','P08','SALA1-ISOLA_STORAGE','2014-06-24','2014-06-24','attivita per conto di EMC2, spostato in sala il giorno stesso',@myvar);
CALL CARICO('Sistema','Safe Watcher S.r.l.','Lettera_di_vettura','14 - 005255',NULL,NULL,'VARI ACCESSORI RACK S2','1','B1L13','2014-06-24','attivita per conto di EMC2, scatola con cavi di alimentazione per rack','Safe Watcher S.r.l.',NULL);
CALL SCARICO('Sistema','Facility','91','1','B1L13','SALA1-ISOLA_STORAGE','2014-06-26','2014-06-26','cablaggio cavi alimentazione armadio rack vmax postel',@myvar);
CALL SCARICO('Sistema','Prossimita','61','220','UFFICIO3','UFFICIO3','2014-06-27','2014-06-27','Scarico rimanenze perche assegnate alla struttura Prossimita, custodite in armadio ufficio3',@myvar);
CALL SCARICO('Sistema','Prossimita','86','200','UFFICIO3','UFFICIO3','2014-06-27','2014-06-27','Scarico rimanenze perche assegnate alla struttura Prossimita, custodite in armadio ufficio3',@myvar);
CALL SCARICO('Sistema','Facility','89','6','P16','SALA2','2014-06-20','2014-06-27','Implementazione infrstruttura Sun per Fase2, destinazioni ISOLE 10 13 16',@myvar);
CALL SCARICO('Sistema','Postemobile Tec','54','6','P02','SALA1-ISOLA5','2014-06-30','2014-06-30','email di Farina, progetto FULL MVNO. consegnato da Accessi a Lorusso',@myvar);
CALL SCARICO('Sistema','Facility','46','80','A1L08','SALA2','2014-06-30','2014-06-30','allestimento switch fase2, referente Florio',@myvar);
CALL SCARICO('Sistema','Facility','46','30','A2L08','SALA2','2014-06-30','2014-06-30','allestimento switch fase2, referente Florio',@myvar);
CALL SCARICO('Sistema','Postemobile Tec','54','2','P01','SALA1','2014-07-10','2014-07-10','progetto FULL MVNO per conto di Farina Andrea',@myvar);
CALL CARICO('Sistema','EMC Computer Systems Italia S.p.a.','DDT','627','2014-07-10','DDT_EMC-CENTERA_627.pdf','APPARATI EMC CENTERA','1','P17','2014-07-10','carico complementare a lettera di vettura 14 - 005951 safe watcher','Safe Watcher S.r.l.',NULL);
CALL CARICO('Sistema','EMC Computer Systems Italia S.p.a.','DDT','627','2014-07-10','DDT_EMC-CENTERA_627.pdf','BRETELLA UTP-CAT6 3M','1','P17','2014-07-10','carico complementare a lettera di vettura 14 - 005951 safe watcher','Safe Watcher S.r.l.',NULL);
CALL SCARICO('Sistema','Facility','92','1','P17','SALA2','2014-07-18','2014-07-18','allestimento centera sala2 referente lucati gennarelli',@myvar);
CALL SCARICO('Sistema','Facility','54','1','P17','SALA2','2014-07-18','2014-07-18','allestimento centera sala2 referente lucati gennarelli',@myvar);
CALL upd_giacenza_magazzino('Vilardi','2','A2L05','530','2014-07-24');
CALL upd_posizione_magazzino('Vilardi','2','P16','B1L06','2014-07-24');
CALL upd_giacenza_magazzino('Vilardi','2','B1L06','400','2014-07-24');
CALL upd_giacenza_magazzino('Vilardi','49','A1L11','10','2014-07-24');
CALL upd_posizione_magazzino('Vilardi','88','P16','B1L01','2014-07-24');
CALL upd_giacenza_magazzino('Vilardi','88','B1L01','20','2014-07-24');
CALL SCARICO('Sistema','Polo Immobiliare','2','32','A2L05','SALA2','2014-08-11','2014-08-11','Futura site coss Sala2',@myvar);
CALL SCARICO('Sistema','Polo Immobiliare','48','4','A2L10','SALA2','2014-08-11','2014-08-11','Futura site coss Sala2',@myvar);
CALL SCARICO('Sistema','Polo Immobiliare','47','4','A2L09','SALA2','2014-08-11','2014-08-11','Futura site coss Sala2',@myvar);
CALL SCARICO('Sistema','Postemobile TLC','46','100','A1L07','SALA2','2014-08-07','2014-08-07','progetto non pervenuto',@myvar);
CALL upd_giacenza_magazzino('Vilardi','46','A1L07','80','2014-09-01');
CALL upd_giacenza_magazzino('Vilardi','46','A2L08','91','2014-09-01');
CALL SCARICO('Sistema','Postemobile TLC','46','60','A2L07','TLC','2014-09-01','2014-09-01','Attivita site DC2 ditta OSAT, referente Napoli',@myvar);
CALL CARICO('Sistema','Italtel S.p.A.','DDT','NVLS 60075665','2014-09-01','DDT-ITALTEL-NVLS60075665.jpg','SERVER CISCO CSYMP N55596UPM POSTEMOBILE','2','P06','2014-09-03','ordine ricevuto per postemobile, a saldo per la network 131688','Tecnotrans S.r.l.',NULL);
CALL SCARICO('Sistema','Facility','46','200','A1L06','SALA2+TLC','2014-07-16','2014-07-16','referente Napoli, site modulo 2 dcto cablaggio sala2 e tlc',@myvar);
CALL SCARICO('Sistema','Facility','46','80','A1L07','SALA2+TLC','2014-07-16','2014-07-16','referente Napoli, site modulo 2 dcto cablaggio sala2 e tlc',@myvar);
CALL SCARICO('Sistema','Facility','46','32','A2L08','SALA2+TLC','2014-07-16','2014-07-16','referente Napoli, site modulo 2 dcto cablaggio sala2 e tlc',@myvar);
CALL SCARICO('Sistema','POSTECOM','5','4','B1L04','LOCALE_SECURITY','2014-09-24','2014-09-24','PROGETTO VIDEOSORVEGLIANZA',@myvar);
CALL CARICO('Sistema','EMC','DDT','VB002535','2014-09-03','DDT_EMC_VB002535.pdf','COMPONENTI VBLOCK AVAMAR RAIL KIT','1','P10','2014-09-25','referente Lucati, componente vblock',NULL,NULL);
CALL upd_posizione_magazzino('Vilardi','94','P10','P03','2014-09-26');
CALL upd_posizione_magazzino('Vilardi','74','P17','P13','2014-09-26');
CALL upd_posizione_magazzino('Vilardi','84','P05','P32','2014-09-26');
CALL upd_posizione_magazzino('Vilardi','59','P01','B1L03','2014-09-26');
CALL upd_posizione_magazzino('Vilardi','55','P01','B1L02','2014-09-26');
CALL upd_posizione_magazzino('Vilardi','56','P01','B1L02','2014-09-26');
CALL upd_posizione_magazzino('Vilardi','83','B2L04','Z1L10','2014-09-26');
CALL upd_posizione_magazzino('Vilardi','38','P10','P20','2014-09-26');
CALL SCARICO('Sistema','Postemobile Tec','39','10','P10','SALA2','2014-06-01','2014-06-30','cablaggio storage sala2',@myvar);
CALL upd_posizione_magazzino('Vilardi','39','P10','P31','2014-09-26');
CALL upd_posizione_magazzino('Vilardi','63','P16','B1L13','2014-09-26');
CALL upd_giacenza_magazzino('Vilardi','14','B1L03','20','2014-09-26');
CALL CARICO('Sistema','Poste Italiane S.p.A.','Sistema',(SELECT next_system_doc()),'2014-09-26',NULL,'BRETELLA FO-LC-LC-50/125 30M','28','A2L13','2014-09-26','Materiale presente in magazzino avanzante da site di luglio',NULL,NULL);
CALL CARICO('Sistema','Poste Italiane S.p.A.','Sistema',(SELECT next_system_doc()),'2014-09-26',NULL,'BRETELLA FO-LC-LC-50/125 30M','100','A2L15','2014-09-26','Materiale presente in magazzino avanzante da site di luglio',NULL,NULL);
CALL SCARICO('Sistema','Facility','46','200','A2L06','SALA2+TLC','2014-09-26','2014-09-29','cablaggio storage ln san sala2',@myvar);
CALL SCARICO('Sistema','Facility','46','8','A2L08','SALA2+TLC','2014-09-26','2014-09-29','cablaggio storage lan san sala2',@myvar);
CALL SCARICO('Sistema','Facility','6','4','A2L04','SALA2+TLC','2014-09-26','2014-09-29','cablaggio storage lan san sala2',@myvar);
CALL SCARICO('Sistema','Postemobile TLC','13','2','P10','SALA1-ISOLA5','2014-09-29','2014-03-10','progetto telepresence isola5 sala1',@myvar);
CALL upd_posizione_magazzino('Vilardi','68','P06','P30','2014-09-26');
CALL SCARICO('Sistema','Sistema','68','4','P30','SALA2','2014-09-26','2014-09-26','scarico 4 dei 6 switch wsc4948e progetto mvno',@myvar);
CALL CARICO('Sistema','Poste Italiane S.p.A.','Sistema',(SELECT next_system_doc()),'2014-09-26',NULL,'ventola condizionatori sala2 manutenzione','1','P25','2014-09-26','materiale in appoggio ditta di manutenzione',NULL,NULL);
CALL CARICO('Sistema','Poste Italiane S.p.A.','Sistema',(SELECT next_system_doc()),'2014-09-26',NULL,'materiale coss sala2','1','P04','2014-09-26','materiale coss destinato alle site sala2',NULL,NULL);
CALL CARICO('Sistema','Poste Italiane S.p.A.','Sistema',(SELECT next_system_doc()),'2014-09-26',NULL,'materiale postel vnx storage rack emc2','1','P33','2014-09-26','materiale emc2, armadio + materiali montaggio',NULL,NULL);
CALL CARICO('Sistema','Poste Italiane S.p.A.','Sistema',(SELECT next_system_doc()),'2014-09-26',NULL,'materiale postel vnx storage rack emc2','1','P34','2014-09-26','materiale emc2, armadio + materiali montaggio',NULL,NULL);
CALL CARICO('Sistema','Poste Italiane S.p.A.','Sistema',(SELECT next_system_doc()),'2014-09-26',NULL,'materiale hp rete cert','1','P05','2014-09-26','materiale hp, unico collo incelofanato',NULL,NULL);
CALL CARICO('Sistema','Poste Italiane S.p.A.','Sistema',(SELECT next_system_doc()),'2014-09-26',NULL,'vmax panel emc2 eco76906','10','P12','2014-09-26','pannelli vmax imballati',NULL,NULL);
CALL CARICO('Sistema','Poste Italiane S.p.A.','Sistema',(SELECT next_system_doc()),'2014-09-26',NULL,'enclosure blade postel c7000','1','P34','2014-09-26','materiale postel imballato',NULL,NULL);
CALL CARICO('Sistema','Poste Italiane S.p.A.','Sistema',(SELECT next_system_doc()),'2014-09-26',NULL,'APPARATI POSTEMOBILE-TLC','11','P19','2014-09-26','ref Napoli spedizione UPS Standard, colli da 5kg cad.',NULL,NULL);
CALL CARICO('Sistema','Poste Italiane S.p.A.','Sistema',(SELECT next_system_doc()),'2014-09-26',NULL,'APPARATI POSTEMOBILE-TLC BLADE WS-X6748-10G-TX CISCO CATALYST','2','P29','2014-09-26','apparecchiature smontate ref. Napoli',NULL,NULL);
CALL CARICO('Sistema','Poste Italiane S.p.A.','Sistema',(SELECT next_system_doc()),'2014-09-26',NULL,'APPARATI POSTEMOBILE-TLC n2k-c2248-e-1ge','6','P29','2014-09-26','switch postemobile cablaggio sala2 ref. Napoli',NULL,NULL);
CALL CARICO('Sistema','Poste Italiane S.p.A.','Sistema',(SELECT next_system_doc()),'2014-09-26',NULL,'APPARATI POSTEMOBILE-TLC n7k-m224xp-23l','2','P29','2014-09-26','switch postemobile cablaggio sala2 ref. Napoli',NULL,NULL);
CALL SCARICO('Sistema','Sistema','85','2','P05','SALA1','2014-09-26','2014-09-26','Rimozione dal magazzino causa assenza, apparecchiatura montata in precedenti site',@myvar);
CALL SCARICO('Sistema','Sistema','93','2','P06','SALA1','2014-09-26','2014-09-26','Rimozione dal magazzino causa assenza, apparecchiatura montata in precedenti site',@myvar);
CALL CARICO('Sistema','Poste Italiane S.p.A.','Sistema',(SELECT next_system_doc()),'2014-09-26',NULL,'CAVO SAS','2','P12','2014-09-26',NULL,NULL,NULL);
CALL SCARICO('Manzo','Facility','3','12','P01','SALA2+TLC','2014-09-30','2014-09-30','cablaggio storage lan san sala2',@myvar);
CALL SCARICO('Manzo','Facility','4','12','P01','SALA2+TLC','2014-09-30','2014-09-30','cablaggio storage lan san sala2',@myvar);
CALL input_registro('IRCE SPA','Lettera_di_vettura','171000026829','334',NULL,NULL,@myvar);
CALL input_registro('IRCE SPA','DDT','002279','334','2013-12-20','DDT-IRCE_SPA-002279.pdf',@myvar);
CALL input_registro('Safe Watcher S.r.l.','DDT','14 - 005951',NULL,'2014-07-10','DDT-SAFE_WATCHER-14-005951.pdf',@myvar);
CALL input_registro('LUPPRIANS','DDT','P1028767 VB001851 CSC',NULL,'2014-03-03','DDT-LUPPRIANS-P1028767-VB001851-CSC.pdf',@myvar);
CALL upd_doc_carico('235','IRCE SPA','DDT','002279','334','2013-12-20','DDT-IRCE_SPA-002279.pdf',@myvar);

-- '
-- select * from MAGAZZINO JOIN MERCE USING(id_merce) where tags like '%qualcosa%';
--
-- CALL CARICO(utente,fornitore, tipo_doc, num_doc, data_doc, scansione, tags, quantita, posizione, data_carico, note_carico, trasportatore, oda);
-- CALL SCARICO(utente,richiedente, id_merce, quantita, posizione, destinazione, data_doc_scarico, data_scarico, note_scarico,@myvar);
-- CALL upd_giacenza_magazzino(id_merce, posizione, quantita, data);
-- CALL upd_posizione_magazzino(id_merce, vecchia_posizione, nuova_posizione, data);
-- CALL input_registro(contatto,tipo,numero,gruppo,data,file,@id_registro); 
